DEBUG - 2025-08-01 03:23:49 --> Session: Class initialized using 'CodeIgniter\Session\Handlers\FileHandler' driver.
DEBUG - 2025-08-01 03:23:49 --> Session: Class initialized using 'CodeIgniter\Session\Handlers\FileHandler' driver.
WARNING - 2025-08-01 03:23:49 --> [DEPRECATED] Creation of dynamic property App\Controllers\Usersub::$session is deprecated in APPPATH\Controllers\Usersub.php on line 19.
 1 SYSTEMPATH\CodeIgniter.php(903): App\Controllers\Usersub->__construct()
 2 SYSTEMPATH\CodeIgniter.php(498): CodeIgniter\CodeIgniter->createController()
 3 SYSTEMPATH\CodeIgniter.php(354): CodeIgniter\CodeIgniter->handleRequest(null, Object(Config\Cache), false)
 4 SYSTEMPATH\Boot.php(334): CodeIgniter\CodeIgniter->run()
 5 SYSTEMPATH\Boot.php(67): CodeIgniter\Boot::runCodeIgniter(Object(CodeIgniter\CodeIgniter))
 6 FCPATH\index.php(59): CodeIgniter\Boot::bootWeb(Object(Config\Paths))
WARNING - 2025-08-01 03:23:49 --> [DEPRECATED] Creation of dynamic property App\Controllers\Login::$session is deprecated in APPPATH\Controllers\Login.php on line 20.
 1 SYSTEMPATH\CodeIgniter.php(903): App\Controllers\Login->__construct()
 2 SYSTEMPATH\CodeIgniter.php(498): CodeIgniter\CodeIgniter->createController()
 3 SYSTEMPATH\CodeIgniter.php(354): CodeIgniter\CodeIgniter->handleRequest(null, Object(Config\Cache), false)
 4 SYSTEMPATH\Boot.php(334): CodeIgniter\CodeIgniter->run()
 5 SYSTEMPATH\Boot.php(67): CodeIgniter\Boot::runCodeIgniter(Object(CodeIgniter\CodeIgniter))
 6 FCPATH\index.php(59): CodeIgniter\Boot::bootWeb(Object(Config\Paths))
WARNING - 2025-08-01 03:23:49 --> [DEPRECATED] Creation of dynamic property App\Controllers\Login::$input is deprecated in APPPATH\Controllers\Login.php on line 21.
 1 SYSTEMPATH\CodeIgniter.php(903): App\Controllers\Login->__construct()
 2 SYSTEMPATH\CodeIgniter.php(498): CodeIgniter\CodeIgniter->createController()
 3 SYSTEMPATH\CodeIgniter.php(354): CodeIgniter\CodeIgniter->handleRequest(null, Object(Config\Cache), false)
 4 SYSTEMPATH\Boot.php(334): CodeIgniter\CodeIgniter->run()
 5 SYSTEMPATH\Boot.php(67): CodeIgniter\Boot::runCodeIgniter(Object(CodeIgniter\CodeIgniter))
 6 FCPATH\index.php(59): CodeIgniter\Boot::bootWeb(Object(Config\Paths))
WARNING - 2025-08-01 03:23:49 --> [DEPRECATED] Creation of dynamic property App\Controllers\Usersub::$input is deprecated in APPPATH\Controllers\Usersub.php on line 20.
 1 SYSTEMPATH\CodeIgniter.php(903): App\Controllers\Usersub->__construct()
 2 SYSTEMPATH\CodeIgniter.php(498): CodeIgniter\CodeIgniter->createController()
 3 SYSTEMPATH\CodeIgniter.php(354): CodeIgniter\CodeIgniter->handleRequest(null, Object(Config\Cache), false)
 4 SYSTEMPATH\Boot.php(334): CodeIgniter\CodeIgniter->run()
 5 SYSTEMPATH\Boot.php(67): CodeIgniter\Boot::runCodeIgniter(Object(CodeIgniter\CodeIgniter))
 6 FCPATH\index.php(59): CodeIgniter\Boot::bootWeb(Object(Config\Paths))
WARNING - 2025-08-01 03:23:49 --> [DEPRECATED] Creation of dynamic property App\Controllers\Usersub::$authService is deprecated in APPPATH\Controllers\Usersub.php on line 21.
 1 SYSTEMPATH\CodeIgniter.php(903): App\Controllers\Usersub->__construct()
 2 SYSTEMPATH\CodeIgniter.php(498): CodeIgniter\CodeIgniter->createController()
 3 SYSTEMPATH\CodeIgniter.php(354): CodeIgniter\CodeIgniter->handleRequest(null, Object(Config\Cache), false)
 4 SYSTEMPATH\Boot.php(334): CodeIgniter\CodeIgniter->run()
 5 SYSTEMPATH\Boot.php(67): CodeIgniter\Boot::runCodeIgniter(Object(CodeIgniter\CodeIgniter))
 6 FCPATH\index.php(59): CodeIgniter\Boot::bootWeb(Object(Config\Paths))
WARNING - 2025-08-01 03:23:50 --> [DEPRECATED] Creation of dynamic property App\Controllers\Login::$usersubModel is deprecated in APPPATH\Controllers\Login.php on line 23.
 1 SYSTEMPATH\CodeIgniter.php(903): App\Controllers\Login->__construct()
 2 SYSTEMPATH\CodeIgniter.php(498): CodeIgniter\CodeIgniter->createController()
 3 SYSTEMPATH\CodeIgniter.php(354): CodeIgniter\CodeIgniter->handleRequest(null, Object(Config\Cache), false)
 4 SYSTEMPATH\Boot.php(334): CodeIgniter\CodeIgniter->run()
 5 SYSTEMPATH\Boot.php(67): CodeIgniter\Boot::runCodeIgniter(Object(CodeIgniter\CodeIgniter))
 6 FCPATH\index.php(59): CodeIgniter\Boot::bootWeb(Object(Config\Paths))
WARNING - 2025-08-01 03:23:50 --> [DEPRECATED] Creation of dynamic property App\Controllers\Usersub::$userModel is deprecated in APPPATH\Controllers\Usersub.php on line 24.
 1 SYSTEMPATH\CodeIgniter.php(903): App\Controllers\Usersub->__construct()
 2 SYSTEMPATH\CodeIgniter.php(498): CodeIgniter\CodeIgniter->createController()
 3 SYSTEMPATH\CodeIgniter.php(354): CodeIgniter\CodeIgniter->handleRequest(null, Object(Config\Cache), false)
 4 SYSTEMPATH\Boot.php(334): CodeIgniter\CodeIgniter->run()
 5 SYSTEMPATH\Boot.php(67): CodeIgniter\Boot::runCodeIgniter(Object(CodeIgniter\CodeIgniter))
 6 FCPATH\index.php(59): CodeIgniter\Boot::bootWeb(Object(Config\Paths))
WARNING - 2025-08-01 03:23:50 --> [DEPRECATED] Creation of dynamic property App\Controllers\Login::$subscriptionPlanModel is deprecated in APPPATH\Controllers\Login.php on line 24.
 1 SYSTEMPATH\CodeIgniter.php(903): App\Controllers\Login->__construct()
 2 SYSTEMPATH\CodeIgniter.php(498): CodeIgniter\CodeIgniter->createController()
 3 SYSTEMPATH\CodeIgniter.php(354): CodeIgniter\CodeIgniter->handleRequest(null, Object(Config\Cache), false)
 4 SYSTEMPATH\Boot.php(334): CodeIgniter\CodeIgniter->run()
 5 SYSTEMPATH\Boot.php(67): CodeIgniter\Boot::runCodeIgniter(Object(CodeIgniter\CodeIgniter))
 6 FCPATH\index.php(59): CodeIgniter\Boot::bootWeb(Object(Config\Paths))
WARNING - 2025-08-01 03:23:50 --> [DEPRECATED] Creation of dynamic property App\Controllers\Login::$userModel is deprecated in APPPATH\Controllers\Login.php on line 25.
 1 SYSTEMPATH\CodeIgniter.php(903): App\Controllers\Login->__construct()
 2 SYSTEMPATH\CodeIgniter.php(498): CodeIgniter\CodeIgniter->createController()
 3 SYSTEMPATH\CodeIgniter.php(354): CodeIgniter\CodeIgniter->handleRequest(null, Object(Config\Cache), false)
 4 SYSTEMPATH\Boot.php(334): CodeIgniter\CodeIgniter->run()
 5 SYSTEMPATH\Boot.php(67): CodeIgniter\Boot::runCodeIgniter(Object(CodeIgniter\CodeIgniter))
 6 FCPATH\index.php(59): CodeIgniter\Boot::bootWeb(Object(Config\Paths))
WARNING - 2025-08-01 03:23:50 --> [DEPRECATED] Creation of dynamic property App\Controllers\Login::$notificationModel is deprecated in APPPATH\Controllers\Login.php on line 26.
 1 SYSTEMPATH\CodeIgniter.php(903): App\Controllers\Login->__construct()
 2 SYSTEMPATH\CodeIgniter.php(498): CodeIgniter\CodeIgniter->createController()
 3 SYSTEMPATH\CodeIgniter.php(354): CodeIgniter\CodeIgniter->handleRequest(null, Object(Config\Cache), false)
 4 SYSTEMPATH\Boot.php(334): CodeIgniter\CodeIgniter->run()
 5 SYSTEMPATH\Boot.php(67): CodeIgniter\Boot::runCodeIgniter(Object(CodeIgniter\CodeIgniter))
 6 FCPATH\index.php(59): CodeIgniter\Boot::bootWeb(Object(Config\Paths))
DEBUG - 2025-08-01 03:24:44 --> Session: Class initialized using 'CodeIgniter\Session\Handlers\FileHandler' driver.
WARNING - 2025-08-01 03:24:44 --> [DEPRECATED] Creation of dynamic property App\Controllers\Usersub::$session is deprecated in APPPATH\Controllers\Usersub.php on line 19.
 1 SYSTEMPATH\CodeIgniter.php(903): App\Controllers\Usersub->__construct()
 2 SYSTEMPATH\CodeIgniter.php(498): CodeIgniter\CodeIgniter->createController()
 3 SYSTEMPATH\CodeIgniter.php(354): CodeIgniter\CodeIgniter->handleRequest(null, Object(Config\Cache), false)
 4 SYSTEMPATH\Boot.php(334): CodeIgniter\CodeIgniter->run()
 5 SYSTEMPATH\Boot.php(67): CodeIgniter\Boot::runCodeIgniter(Object(CodeIgniter\CodeIgniter))
 6 FCPATH\index.php(59): CodeIgniter\Boot::bootWeb(Object(Config\Paths))
WARNING - 2025-08-01 03:24:44 --> [DEPRECATED] Creation of dynamic property App\Controllers\Usersub::$input is deprecated in APPPATH\Controllers\Usersub.php on line 20.
 1 SYSTEMPATH\CodeIgniter.php(903): App\Controllers\Usersub->__construct()
 2 SYSTEMPATH\CodeIgniter.php(498): CodeIgniter\CodeIgniter->createController()
 3 SYSTEMPATH\CodeIgniter.php(354): CodeIgniter\CodeIgniter->handleRequest(null, Object(Config\Cache), false)
 4 SYSTEMPATH\Boot.php(334): CodeIgniter\CodeIgniter->run()
 5 SYSTEMPATH\Boot.php(67): CodeIgniter\Boot::runCodeIgniter(Object(CodeIgniter\CodeIgniter))
 6 FCPATH\index.php(59): CodeIgniter\Boot::bootWeb(Object(Config\Paths))
WARNING - 2025-08-01 03:24:44 --> [DEPRECATED] Creation of dynamic property App\Controllers\Usersub::$authService is deprecated in APPPATH\Controllers\Usersub.php on line 21.
 1 SYSTEMPATH\CodeIgniter.php(903): App\Controllers\Usersub->__construct()
 2 SYSTEMPATH\CodeIgniter.php(498): CodeIgniter\CodeIgniter->createController()
 3 SYSTEMPATH\CodeIgniter.php(354): CodeIgniter\CodeIgniter->handleRequest(null, Object(Config\Cache), false)
 4 SYSTEMPATH\Boot.php(334): CodeIgniter\CodeIgniter->run()
 5 SYSTEMPATH\Boot.php(67): CodeIgniter\Boot::runCodeIgniter(Object(CodeIgniter\CodeIgniter))
 6 FCPATH\index.php(59): CodeIgniter\Boot::bootWeb(Object(Config\Paths))
WARNING - 2025-08-01 03:24:44 --> [DEPRECATED] Creation of dynamic property App\Controllers\Usersub::$userModel is deprecated in APPPATH\Controllers\Usersub.php on line 24.
 1 SYSTEMPATH\CodeIgniter.php(903): App\Controllers\Usersub->__construct()
 2 SYSTEMPATH\CodeIgniter.php(498): CodeIgniter\CodeIgniter->createController()
 3 SYSTEMPATH\CodeIgniter.php(354): CodeIgniter\CodeIgniter->handleRequest(null, Object(Config\Cache), false)
 4 SYSTEMPATH\Boot.php(334): CodeIgniter\CodeIgniter->run()
 5 SYSTEMPATH\Boot.php(67): CodeIgniter\Boot::runCodeIgniter(Object(CodeIgniter\CodeIgniter))
 6 FCPATH\index.php(59): CodeIgniter\Boot::bootWeb(Object(Config\Paths))
DEBUG - 2025-08-01 03:34:17 --> Session: Class initialized using 'CodeIgniter\Session\Handlers\FileHandler' driver.
WARNING - 2025-08-01 03:34:17 --> [DEPRECATED] Creation of dynamic property App\Controllers\Usersub::$session is deprecated in APPPATH\Controllers\Usersub.php on line 19.
 1 SYSTEMPATH\CodeIgniter.php(903): App\Controllers\Usersub->__construct()
 2 SYSTEMPATH\CodeIgniter.php(498): CodeIgniter\CodeIgniter->createController()
 3 SYSTEMPATH\CodeIgniter.php(354): CodeIgniter\CodeIgniter->handleRequest(null, Object(Config\Cache), false)
 4 SYSTEMPATH\Boot.php(334): CodeIgniter\CodeIgniter->run()
 5 SYSTEMPATH\Boot.php(67): CodeIgniter\Boot::runCodeIgniter(Object(CodeIgniter\CodeIgniter))
 6 FCPATH\index.php(59): CodeIgniter\Boot::bootWeb(Object(Config\Paths))
WARNING - 2025-08-01 03:34:17 --> [DEPRECATED] Creation of dynamic property App\Controllers\Usersub::$input is deprecated in APPPATH\Controllers\Usersub.php on line 20.
 1 SYSTEMPATH\CodeIgniter.php(903): App\Controllers\Usersub->__construct()
 2 SYSTEMPATH\CodeIgniter.php(498): CodeIgniter\CodeIgniter->createController()
 3 SYSTEMPATH\CodeIgniter.php(354): CodeIgniter\CodeIgniter->handleRequest(null, Object(Config\Cache), false)
 4 SYSTEMPATH\Boot.php(334): CodeIgniter\CodeIgniter->run()
 5 SYSTEMPATH\Boot.php(67): CodeIgniter\Boot::runCodeIgniter(Object(CodeIgniter\CodeIgniter))
 6 FCPATH\index.php(59): CodeIgniter\Boot::bootWeb(Object(Config\Paths))
WARNING - 2025-08-01 03:34:17 --> [DEPRECATED] Creation of dynamic property App\Controllers\Usersub::$authService is deprecated in APPPATH\Controllers\Usersub.php on line 21.
 1 SYSTEMPATH\CodeIgniter.php(903): App\Controllers\Usersub->__construct()
 2 SYSTEMPATH\CodeIgniter.php(498): CodeIgniter\CodeIgniter->createController()
 3 SYSTEMPATH\CodeIgniter.php(354): CodeIgniter\CodeIgniter->handleRequest(null, Object(Config\Cache), false)
 4 SYSTEMPATH\Boot.php(334): CodeIgniter\CodeIgniter->run()
 5 SYSTEMPATH\Boot.php(67): CodeIgniter\Boot::runCodeIgniter(Object(CodeIgniter\CodeIgniter))
 6 FCPATH\index.php(59): CodeIgniter\Boot::bootWeb(Object(Config\Paths))
WARNING - 2025-08-01 03:34:17 --> [DEPRECATED] Creation of dynamic property App\Controllers\Usersub::$userModel is deprecated in APPPATH\Controllers\Usersub.php on line 24.
 1 SYSTEMPATH\CodeIgniter.php(903): App\Controllers\Usersub->__construct()
 2 SYSTEMPATH\CodeIgniter.php(498): CodeIgniter\CodeIgniter->createController()
 3 SYSTEMPATH\CodeIgniter.php(354): CodeIgniter\CodeIgniter->handleRequest(null, Object(Config\Cache), false)
 4 SYSTEMPATH\Boot.php(334): CodeIgniter\CodeIgniter->run()
 5 SYSTEMPATH\Boot.php(67): CodeIgniter\Boot::runCodeIgniter(Object(CodeIgniter\CodeIgniter))
 6 FCPATH\index.php(59): CodeIgniter\Boot::bootWeb(Object(Config\Paths))
DEBUG - 2025-08-01 03:35:51 --> Session: Class initialized using 'CodeIgniter\Session\Handlers\FileHandler' driver.
WARNING - 2025-08-01 03:35:51 --> [DEPRECATED] Creation of dynamic property App\Controllers\Usersub::$session is deprecated in APPPATH\Controllers\Usersub.php on line 19.
 1 SYSTEMPATH\CodeIgniter.php(903): App\Controllers\Usersub->__construct()
 2 SYSTEMPATH\CodeIgniter.php(498): CodeIgniter\CodeIgniter->createController()
 3 SYSTEMPATH\CodeIgniter.php(354): CodeIgniter\CodeIgniter->handleRequest(null, Object(Config\Cache), false)
 4 SYSTEMPATH\Boot.php(334): CodeIgniter\CodeIgniter->run()
 5 SYSTEMPATH\Boot.php(67): CodeIgniter\Boot::runCodeIgniter(Object(CodeIgniter\CodeIgniter))
 6 FCPATH\index.php(59): CodeIgniter\Boot::bootWeb(Object(Config\Paths))
WARNING - 2025-08-01 03:35:51 --> [DEPRECATED] Creation of dynamic property App\Controllers\Usersub::$input is deprecated in APPPATH\Controllers\Usersub.php on line 20.
 1 SYSTEMPATH\CodeIgniter.php(903): App\Controllers\Usersub->__construct()
 2 SYSTEMPATH\CodeIgniter.php(498): CodeIgniter\CodeIgniter->createController()
 3 SYSTEMPATH\CodeIgniter.php(354): CodeIgniter\CodeIgniter->handleRequest(null, Object(Config\Cache), false)
 4 SYSTEMPATH\Boot.php(334): CodeIgniter\CodeIgniter->run()
 5 SYSTEMPATH\Boot.php(67): CodeIgniter\Boot::runCodeIgniter(Object(CodeIgniter\CodeIgniter))
 6 FCPATH\index.php(59): CodeIgniter\Boot::bootWeb(Object(Config\Paths))
WARNING - 2025-08-01 03:35:51 --> [DEPRECATED] Creation of dynamic property App\Controllers\Usersub::$authService is deprecated in APPPATH\Controllers\Usersub.php on line 21.
 1 SYSTEMPATH\CodeIgniter.php(903): App\Controllers\Usersub->__construct()
 2 SYSTEMPATH\CodeIgniter.php(498): CodeIgniter\CodeIgniter->createController()
 3 SYSTEMPATH\CodeIgniter.php(354): CodeIgniter\CodeIgniter->handleRequest(null, Object(Config\Cache), false)
 4 SYSTEMPATH\Boot.php(334): CodeIgniter\CodeIgniter->run()
 5 SYSTEMPATH\Boot.php(67): CodeIgniter\Boot::runCodeIgniter(Object(CodeIgniter\CodeIgniter))
 6 FCPATH\index.php(59): CodeIgniter\Boot::bootWeb(Object(Config\Paths))
WARNING - 2025-08-01 03:35:51 --> [DEPRECATED] Creation of dynamic property App\Controllers\Usersub::$userModel is deprecated in APPPATH\Controllers\Usersub.php on line 24.
 1 SYSTEMPATH\CodeIgniter.php(903): App\Controllers\Usersub->__construct()
 2 SYSTEMPATH\CodeIgniter.php(498): CodeIgniter\CodeIgniter->createController()
 3 SYSTEMPATH\CodeIgniter.php(354): CodeIgniter\CodeIgniter->handleRequest(null, Object(Config\Cache), false)
 4 SYSTEMPATH\Boot.php(334): CodeIgniter\CodeIgniter->run()
 5 SYSTEMPATH\Boot.php(67): CodeIgniter\Boot::runCodeIgniter(Object(CodeIgniter\CodeIgniter))
 6 FCPATH\index.php(59): CodeIgniter\Boot::bootWeb(Object(Config\Paths))
DEBUG - 2025-08-01 03:36:29 --> Session: Class initialized using 'CodeIgniter\Session\Handlers\FileHandler' driver.
WARNING - 2025-08-01 03:36:29 --> [DEPRECATED] Creation of dynamic property App\Controllers\Usersub::$session is deprecated in APPPATH\Controllers\Usersub.php on line 19.
 1 SYSTEMPATH\CodeIgniter.php(903): App\Controllers\Usersub->__construct()
 2 SYSTEMPATH\CodeIgniter.php(498): CodeIgniter\CodeIgniter->createController()
 3 SYSTEMPATH\CodeIgniter.php(354): CodeIgniter\CodeIgniter->handleRequest(null, Object(Config\Cache), false)
 4 SYSTEMPATH\Boot.php(334): CodeIgniter\CodeIgniter->run()
 5 SYSTEMPATH\Boot.php(67): CodeIgniter\Boot::runCodeIgniter(Object(CodeIgniter\CodeIgniter))
 6 FCPATH\index.php(59): CodeIgniter\Boot::bootWeb(Object(Config\Paths))
WARNING - 2025-08-01 03:36:29 --> [DEPRECATED] Creation of dynamic property App\Controllers\Usersub::$input is deprecated in APPPATH\Controllers\Usersub.php on line 20.
 1 SYSTEMPATH\CodeIgniter.php(903): App\Controllers\Usersub->__construct()
 2 SYSTEMPATH\CodeIgniter.php(498): CodeIgniter\CodeIgniter->createController()
 3 SYSTEMPATH\CodeIgniter.php(354): CodeIgniter\CodeIgniter->handleRequest(null, Object(Config\Cache), false)
 4 SYSTEMPATH\Boot.php(334): CodeIgniter\CodeIgniter->run()
 5 SYSTEMPATH\Boot.php(67): CodeIgniter\Boot::runCodeIgniter(Object(CodeIgniter\CodeIgniter))
 6 FCPATH\index.php(59): CodeIgniter\Boot::bootWeb(Object(Config\Paths))
WARNING - 2025-08-01 03:36:29 --> [DEPRECATED] Creation of dynamic property App\Controllers\Usersub::$authService is deprecated in APPPATH\Controllers\Usersub.php on line 21.
 1 SYSTEMPATH\CodeIgniter.php(903): App\Controllers\Usersub->__construct()
 2 SYSTEMPATH\CodeIgniter.php(498): CodeIgniter\CodeIgniter->createController()
 3 SYSTEMPATH\CodeIgniter.php(354): CodeIgniter\CodeIgniter->handleRequest(null, Object(Config\Cache), false)
 4 SYSTEMPATH\Boot.php(334): CodeIgniter\CodeIgniter->run()
 5 SYSTEMPATH\Boot.php(67): CodeIgniter\Boot::runCodeIgniter(Object(CodeIgniter\CodeIgniter))
 6 FCPATH\index.php(59): CodeIgniter\Boot::bootWeb(Object(Config\Paths))
WARNING - 2025-08-01 03:36:29 --> [DEPRECATED] Creation of dynamic property App\Controllers\Usersub::$userModel is deprecated in APPPATH\Controllers\Usersub.php on line 24.
 1 SYSTEMPATH\CodeIgniter.php(903): App\Controllers\Usersub->__construct()
 2 SYSTEMPATH\CodeIgniter.php(498): CodeIgniter\CodeIgniter->createController()
 3 SYSTEMPATH\CodeIgniter.php(354): CodeIgniter\CodeIgniter->handleRequest(null, Object(Config\Cache), false)
 4 SYSTEMPATH\Boot.php(334): CodeIgniter\CodeIgniter->run()
 5 SYSTEMPATH\Boot.php(67): CodeIgniter\Boot::runCodeIgniter(Object(CodeIgniter\CodeIgniter))
 6 FCPATH\index.php(59): CodeIgniter\Boot::bootWeb(Object(Config\Paths))
DEBUG - 2025-08-01 03:37:32 --> Session: Class initialized using 'CodeIgniter\Session\Handlers\FileHandler' driver.
WARNING - 2025-08-01 03:37:32 --> [DEPRECATED] Creation of dynamic property App\Controllers\Usersub::$session is deprecated in APPPATH\Controllers\Usersub.php on line 19.
 1 SYSTEMPATH\CodeIgniter.php(903): App\Controllers\Usersub->__construct()
 2 SYSTEMPATH\CodeIgniter.php(498): CodeIgniter\CodeIgniter->createController()
 3 SYSTEMPATH\CodeIgniter.php(354): CodeIgniter\CodeIgniter->handleRequest(null, Object(Config\Cache), false)
 4 SYSTEMPATH\Boot.php(334): CodeIgniter\CodeIgniter->run()
 5 SYSTEMPATH\Boot.php(67): CodeIgniter\Boot::runCodeIgniter(Object(CodeIgniter\CodeIgniter))
 6 FCPATH\index.php(59): CodeIgniter\Boot::bootWeb(Object(Config\Paths))
WARNING - 2025-08-01 03:37:32 --> [DEPRECATED] Creation of dynamic property App\Controllers\Usersub::$input is deprecated in APPPATH\Controllers\Usersub.php on line 20.
 1 SYSTEMPATH\CodeIgniter.php(903): App\Controllers\Usersub->__construct()
 2 SYSTEMPATH\CodeIgniter.php(498): CodeIgniter\CodeIgniter->createController()
 3 SYSTEMPATH\CodeIgniter.php(354): CodeIgniter\CodeIgniter->handleRequest(null, Object(Config\Cache), false)
 4 SYSTEMPATH\Boot.php(334): CodeIgniter\CodeIgniter->run()
 5 SYSTEMPATH\Boot.php(67): CodeIgniter\Boot::runCodeIgniter(Object(CodeIgniter\CodeIgniter))
 6 FCPATH\index.php(59): CodeIgniter\Boot::bootWeb(Object(Config\Paths))
WARNING - 2025-08-01 03:37:32 --> [DEPRECATED] Creation of dynamic property App\Controllers\Usersub::$authService is deprecated in APPPATH\Controllers\Usersub.php on line 21.
 1 SYSTEMPATH\CodeIgniter.php(903): App\Controllers\Usersub->__construct()
 2 SYSTEMPATH\CodeIgniter.php(498): CodeIgniter\CodeIgniter->createController()
 3 SYSTEMPATH\CodeIgniter.php(354): CodeIgniter\CodeIgniter->handleRequest(null, Object(Config\Cache), false)
 4 SYSTEMPATH\Boot.php(334): CodeIgniter\CodeIgniter->run()
 5 SYSTEMPATH\Boot.php(67): CodeIgniter\Boot::runCodeIgniter(Object(CodeIgniter\CodeIgniter))
 6 FCPATH\index.php(59): CodeIgniter\Boot::bootWeb(Object(Config\Paths))
WARNING - 2025-08-01 03:37:32 --> [DEPRECATED] Creation of dynamic property App\Controllers\Usersub::$userModel is deprecated in APPPATH\Controllers\Usersub.php on line 24.
 1 SYSTEMPATH\CodeIgniter.php(903): App\Controllers\Usersub->__construct()
 2 SYSTEMPATH\CodeIgniter.php(498): CodeIgniter\CodeIgniter->createController()
 3 SYSTEMPATH\CodeIgniter.php(354): CodeIgniter\CodeIgniter->handleRequest(null, Object(Config\Cache), false)
 4 SYSTEMPATH\Boot.php(334): CodeIgniter\CodeIgniter->run()
 5 SYSTEMPATH\Boot.php(67): CodeIgniter\Boot::runCodeIgniter(Object(CodeIgniter\CodeIgniter))
 6 FCPATH\index.php(59): CodeIgniter\Boot::bootWeb(Object(Config\Paths))
DEBUG - 2025-08-01 03:42:59 --> Session: Class initialized using 'CodeIgniter\Session\Handlers\FileHandler' driver.
WARNING - 2025-08-01 03:42:59 --> [DEPRECATED] Creation of dynamic property App\Controllers\Usersub::$session is deprecated in APPPATH\Controllers\Usersub.php on line 19.
 1 SYSTEMPATH\CodeIgniter.php(903): App\Controllers\Usersub->__construct()
 2 SYSTEMPATH\CodeIgniter.php(498): CodeIgniter\CodeIgniter->createController()
 3 SYSTEMPATH\CodeIgniter.php(354): CodeIgniter\CodeIgniter->handleRequest(null, Object(Config\Cache), false)
 4 SYSTEMPATH\Boot.php(334): CodeIgniter\CodeIgniter->run()
 5 SYSTEMPATH\Boot.php(67): CodeIgniter\Boot::runCodeIgniter(Object(CodeIgniter\CodeIgniter))
 6 FCPATH\index.php(59): CodeIgniter\Boot::bootWeb(Object(Config\Paths))
WARNING - 2025-08-01 03:42:59 --> [DEPRECATED] Creation of dynamic property App\Controllers\Usersub::$input is deprecated in APPPATH\Controllers\Usersub.php on line 20.
 1 SYSTEMPATH\CodeIgniter.php(903): App\Controllers\Usersub->__construct()
 2 SYSTEMPATH\CodeIgniter.php(498): CodeIgniter\CodeIgniter->createController()
 3 SYSTEMPATH\CodeIgniter.php(354): CodeIgniter\CodeIgniter->handleRequest(null, Object(Config\Cache), false)
 4 SYSTEMPATH\Boot.php(334): CodeIgniter\CodeIgniter->run()
 5 SYSTEMPATH\Boot.php(67): CodeIgniter\Boot::runCodeIgniter(Object(CodeIgniter\CodeIgniter))
 6 FCPATH\index.php(59): CodeIgniter\Boot::bootWeb(Object(Config\Paths))
WARNING - 2025-08-01 03:42:59 --> [DEPRECATED] Creation of dynamic property App\Controllers\Usersub::$authService is deprecated in APPPATH\Controllers\Usersub.php on line 21.
 1 SYSTEMPATH\CodeIgniter.php(903): App\Controllers\Usersub->__construct()
 2 SYSTEMPATH\CodeIgniter.php(498): CodeIgniter\CodeIgniter->createController()
 3 SYSTEMPATH\CodeIgniter.php(354): CodeIgniter\CodeIgniter->handleRequest(null, Object(Config\Cache), false)
 4 SYSTEMPATH\Boot.php(334): CodeIgniter\CodeIgniter->run()
 5 SYSTEMPATH\Boot.php(67): CodeIgniter\Boot::runCodeIgniter(Object(CodeIgniter\CodeIgniter))
 6 FCPATH\index.php(59): CodeIgniter\Boot::bootWeb(Object(Config\Paths))
WARNING - 2025-08-01 03:42:59 --> [DEPRECATED] Creation of dynamic property App\Controllers\Usersub::$userModel is deprecated in APPPATH\Controllers\Usersub.php on line 24.
 1 SYSTEMPATH\CodeIgniter.php(903): App\Controllers\Usersub->__construct()
 2 SYSTEMPATH\CodeIgniter.php(498): CodeIgniter\CodeIgniter->createController()
 3 SYSTEMPATH\CodeIgniter.php(354): CodeIgniter\CodeIgniter->handleRequest(null, Object(Config\Cache), false)
 4 SYSTEMPATH\Boot.php(334): CodeIgniter\CodeIgniter->run()
 5 SYSTEMPATH\Boot.php(67): CodeIgniter\Boot::runCodeIgniter(Object(CodeIgniter\CodeIgniter))
 6 FCPATH\index.php(59): CodeIgniter\Boot::bootWeb(Object(Config\Paths))
DEBUG - 2025-08-01 03:45:40 --> Session: Class initialized using 'CodeIgniter\Session\Handlers\FileHandler' driver.
WARNING - 2025-08-01 03:45:40 --> [DEPRECATED] Creation of dynamic property App\Controllers\Usersub::$session is deprecated in APPPATH\Controllers\Usersub.php on line 19.
 1 SYSTEMPATH\CodeIgniter.php(903): App\Controllers\Usersub->__construct()
 2 SYSTEMPATH\CodeIgniter.php(498): CodeIgniter\CodeIgniter->createController()
 3 SYSTEMPATH\CodeIgniter.php(354): CodeIgniter\CodeIgniter->handleRequest(null, Object(Config\Cache), false)
 4 SYSTEMPATH\Boot.php(334): CodeIgniter\CodeIgniter->run()
 5 SYSTEMPATH\Boot.php(67): CodeIgniter\Boot::runCodeIgniter(Object(CodeIgniter\CodeIgniter))
 6 FCPATH\index.php(59): CodeIgniter\Boot::bootWeb(Object(Config\Paths))
WARNING - 2025-08-01 03:45:40 --> [DEPRECATED] Creation of dynamic property App\Controllers\Usersub::$input is deprecated in APPPATH\Controllers\Usersub.php on line 20.
 1 SYSTEMPATH\CodeIgniter.php(903): App\Controllers\Usersub->__construct()
 2 SYSTEMPATH\CodeIgniter.php(498): CodeIgniter\CodeIgniter->createController()
 3 SYSTEMPATH\CodeIgniter.php(354): CodeIgniter\CodeIgniter->handleRequest(null, Object(Config\Cache), false)
 4 SYSTEMPATH\Boot.php(334): CodeIgniter\CodeIgniter->run()
 5 SYSTEMPATH\Boot.php(67): CodeIgniter\Boot::runCodeIgniter(Object(CodeIgniter\CodeIgniter))
 6 FCPATH\index.php(59): CodeIgniter\Boot::bootWeb(Object(Config\Paths))
WARNING - 2025-08-01 03:45:40 --> [DEPRECATED] Creation of dynamic property App\Controllers\Usersub::$authService is deprecated in APPPATH\Controllers\Usersub.php on line 21.
 1 SYSTEMPATH\CodeIgniter.php(903): App\Controllers\Usersub->__construct()
 2 SYSTEMPATH\CodeIgniter.php(498): CodeIgniter\CodeIgniter->createController()
 3 SYSTEMPATH\CodeIgniter.php(354): CodeIgniter\CodeIgniter->handleRequest(null, Object(Config\Cache), false)
 4 SYSTEMPATH\Boot.php(334): CodeIgniter\CodeIgniter->run()
 5 SYSTEMPATH\Boot.php(67): CodeIgniter\Boot::runCodeIgniter(Object(CodeIgniter\CodeIgniter))
 6 FCPATH\index.php(59): CodeIgniter\Boot::bootWeb(Object(Config\Paths))
WARNING - 2025-08-01 03:45:40 --> [DEPRECATED] Creation of dynamic property App\Controllers\Usersub::$userModel is deprecated in APPPATH\Controllers\Usersub.php on line 24.
 1 SYSTEMPATH\CodeIgniter.php(903): App\Controllers\Usersub->__construct()
 2 SYSTEMPATH\CodeIgniter.php(498): CodeIgniter\CodeIgniter->createController()
 3 SYSTEMPATH\CodeIgniter.php(354): CodeIgniter\CodeIgniter->handleRequest(null, Object(Config\Cache), false)
 4 SYSTEMPATH\Boot.php(334): CodeIgniter\CodeIgniter->run()
 5 SYSTEMPATH\Boot.php(67): CodeIgniter\Boot::runCodeIgniter(Object(CodeIgniter\CodeIgniter))
 6 FCPATH\index.php(59): CodeIgniter\Boot::bootWeb(Object(Config\Paths))
DEBUG - 2025-08-01 04:12:58 --> Session: Class initialized using 'CodeIgniter\Session\Handlers\FileHandler' driver.
WARNING - 2025-08-01 04:12:58 --> [DEPRECATED] Creation of dynamic property App\Controllers\Usersub::$session is deprecated in APPPATH\Controllers\Usersub.php on line 19.
 1 SYSTEMPATH\CodeIgniter.php(903): App\Controllers\Usersub->__construct()
 2 SYSTEMPATH\CodeIgniter.php(498): CodeIgniter\CodeIgniter->createController()
 3 SYSTEMPATH\CodeIgniter.php(354): CodeIgniter\CodeIgniter->handleRequest(null, Object(Config\Cache), false)
 4 SYSTEMPATH\Boot.php(334): CodeIgniter\CodeIgniter->run()
 5 SYSTEMPATH\Boot.php(67): CodeIgniter\Boot::runCodeIgniter(Object(CodeIgniter\CodeIgniter))
 6 FCPATH\index.php(59): CodeIgniter\Boot::bootWeb(Object(Config\Paths))
WARNING - 2025-08-01 04:12:58 --> [DEPRECATED] Creation of dynamic property App\Controllers\Usersub::$input is deprecated in APPPATH\Controllers\Usersub.php on line 20.
 1 SYSTEMPATH\CodeIgniter.php(903): App\Controllers\Usersub->__construct()
 2 SYSTEMPATH\CodeIgniter.php(498): CodeIgniter\CodeIgniter->createController()
 3 SYSTEMPATH\CodeIgniter.php(354): CodeIgniter\CodeIgniter->handleRequest(null, Object(Config\Cache), false)
 4 SYSTEMPATH\Boot.php(334): CodeIgniter\CodeIgniter->run()
 5 SYSTEMPATH\Boot.php(67): CodeIgniter\Boot::runCodeIgniter(Object(CodeIgniter\CodeIgniter))
 6 FCPATH\index.php(59): CodeIgniter\Boot::bootWeb(Object(Config\Paths))
WARNING - 2025-08-01 04:12:58 --> [DEPRECATED] Creation of dynamic property App\Controllers\Usersub::$authService is deprecated in APPPATH\Controllers\Usersub.php on line 21.
 1 SYSTEMPATH\CodeIgniter.php(903): App\Controllers\Usersub->__construct()
 2 SYSTEMPATH\CodeIgniter.php(498): CodeIgniter\CodeIgniter->createController()
 3 SYSTEMPATH\CodeIgniter.php(354): CodeIgniter\CodeIgniter->handleRequest(null, Object(Config\Cache), false)
 4 SYSTEMPATH\Boot.php(334): CodeIgniter\CodeIgniter->run()
 5 SYSTEMPATH\Boot.php(67): CodeIgniter\Boot::runCodeIgniter(Object(CodeIgniter\CodeIgniter))
 6 FCPATH\index.php(59): CodeIgniter\Boot::bootWeb(Object(Config\Paths))
WARNING - 2025-08-01 04:12:58 --> [DEPRECATED] Creation of dynamic property App\Controllers\Usersub::$userModel is deprecated in APPPATH\Controllers\Usersub.php on line 24.
 1 SYSTEMPATH\CodeIgniter.php(903): App\Controllers\Usersub->__construct()
 2 SYSTEMPATH\CodeIgniter.php(498): CodeIgniter\CodeIgniter->createController()
 3 SYSTEMPATH\CodeIgniter.php(354): CodeIgniter\CodeIgniter->handleRequest(null, Object(Config\Cache), false)
 4 SYSTEMPATH\Boot.php(334): CodeIgniter\CodeIgniter->run()
 5 SYSTEMPATH\Boot.php(67): CodeIgniter\Boot::runCodeIgniter(Object(CodeIgniter\CodeIgniter))
 6 FCPATH\index.php(59): CodeIgniter\Boot::bootWeb(Object(Config\Paths))
DEBUG - 2025-08-01 04:13:52 --> Session: Class initialized using 'CodeIgniter\Session\Handlers\FileHandler' driver.
WARNING - 2025-08-01 04:13:52 --> [DEPRECATED] Creation of dynamic property App\Controllers\Usersub::$session is deprecated in APPPATH\Controllers\Usersub.php on line 19.
 1 SYSTEMPATH\CodeIgniter.php(903): App\Controllers\Usersub->__construct()
 2 SYSTEMPATH\CodeIgniter.php(498): CodeIgniter\CodeIgniter->createController()
 3 SYSTEMPATH\CodeIgniter.php(354): CodeIgniter\CodeIgniter->handleRequest(null, Object(Config\Cache), false)
 4 SYSTEMPATH\Boot.php(334): CodeIgniter\CodeIgniter->run()
 5 SYSTEMPATH\Boot.php(67): CodeIgniter\Boot::runCodeIgniter(Object(CodeIgniter\CodeIgniter))
 6 FCPATH\index.php(59): CodeIgniter\Boot::bootWeb(Object(Config\Paths))
WARNING - 2025-08-01 04:13:52 --> [DEPRECATED] Creation of dynamic property App\Controllers\Usersub::$input is deprecated in APPPATH\Controllers\Usersub.php on line 20.
 1 SYSTEMPATH\CodeIgniter.php(903): App\Controllers\Usersub->__construct()
 2 SYSTEMPATH\CodeIgniter.php(498): CodeIgniter\CodeIgniter->createController()
 3 SYSTEMPATH\CodeIgniter.php(354): CodeIgniter\CodeIgniter->handleRequest(null, Object(Config\Cache), false)
 4 SYSTEMPATH\Boot.php(334): CodeIgniter\CodeIgniter->run()
 5 SYSTEMPATH\Boot.php(67): CodeIgniter\Boot::runCodeIgniter(Object(CodeIgniter\CodeIgniter))
 6 FCPATH\index.php(59): CodeIgniter\Boot::bootWeb(Object(Config\Paths))
WARNING - 2025-08-01 04:13:52 --> [DEPRECATED] Creation of dynamic property App\Controllers\Usersub::$authService is deprecated in APPPATH\Controllers\Usersub.php on line 21.
 1 SYSTEMPATH\CodeIgniter.php(903): App\Controllers\Usersub->__construct()
 2 SYSTEMPATH\CodeIgniter.php(498): CodeIgniter\CodeIgniter->createController()
 3 SYSTEMPATH\CodeIgniter.php(354): CodeIgniter\CodeIgniter->handleRequest(null, Object(Config\Cache), false)
 4 SYSTEMPATH\Boot.php(334): CodeIgniter\CodeIgniter->run()
 5 SYSTEMPATH\Boot.php(67): CodeIgniter\Boot::runCodeIgniter(Object(CodeIgniter\CodeIgniter))
 6 FCPATH\index.php(59): CodeIgniter\Boot::bootWeb(Object(Config\Paths))
WARNING - 2025-08-01 04:13:52 --> [DEPRECATED] Creation of dynamic property App\Controllers\Usersub::$userModel is deprecated in APPPATH\Controllers\Usersub.php on line 24.
 1 SYSTEMPATH\CodeIgniter.php(903): App\Controllers\Usersub->__construct()
 2 SYSTEMPATH\CodeIgniter.php(498): CodeIgniter\CodeIgniter->createController()
 3 SYSTEMPATH\CodeIgniter.php(354): CodeIgniter\CodeIgniter->handleRequest(null, Object(Config\Cache), false)
 4 SYSTEMPATH\Boot.php(334): CodeIgniter\CodeIgniter->run()
 5 SYSTEMPATH\Boot.php(67): CodeIgniter\Boot::runCodeIgniter(Object(CodeIgniter\CodeIgniter))
 6 FCPATH\index.php(59): CodeIgniter\Boot::bootWeb(Object(Config\Paths))
DEBUG - 2025-08-01 04:15:08 --> Session: Class initialized using 'CodeIgniter\Session\Handlers\FileHandler' driver.
WARNING - 2025-08-01 04:15:08 --> [DEPRECATED] Creation of dynamic property App\Controllers\Usersub::$session is deprecated in APPPATH\Controllers\Usersub.php on line 19.
 1 SYSTEMPATH\CodeIgniter.php(903): App\Controllers\Usersub->__construct()
 2 SYSTEMPATH\CodeIgniter.php(498): CodeIgniter\CodeIgniter->createController()
 3 SYSTEMPATH\CodeIgniter.php(354): CodeIgniter\CodeIgniter->handleRequest(null, Object(Config\Cache), false)
 4 SYSTEMPATH\Boot.php(334): CodeIgniter\CodeIgniter->run()
 5 SYSTEMPATH\Boot.php(67): CodeIgniter\Boot::runCodeIgniter(Object(CodeIgniter\CodeIgniter))
 6 FCPATH\index.php(59): CodeIgniter\Boot::bootWeb(Object(Config\Paths))
WARNING - 2025-08-01 04:15:08 --> [DEPRECATED] Creation of dynamic property App\Controllers\Usersub::$input is deprecated in APPPATH\Controllers\Usersub.php on line 20.
 1 SYSTEMPATH\CodeIgniter.php(903): App\Controllers\Usersub->__construct()
 2 SYSTEMPATH\CodeIgniter.php(498): CodeIgniter\CodeIgniter->createController()
 3 SYSTEMPATH\CodeIgniter.php(354): CodeIgniter\CodeIgniter->handleRequest(null, Object(Config\Cache), false)
 4 SYSTEMPATH\Boot.php(334): CodeIgniter\CodeIgniter->run()
 5 SYSTEMPATH\Boot.php(67): CodeIgniter\Boot::runCodeIgniter(Object(CodeIgniter\CodeIgniter))
 6 FCPATH\index.php(59): CodeIgniter\Boot::bootWeb(Object(Config\Paths))
WARNING - 2025-08-01 04:15:08 --> [DEPRECATED] Creation of dynamic property App\Controllers\Usersub::$authService is deprecated in APPPATH\Controllers\Usersub.php on line 21.
 1 SYSTEMPATH\CodeIgniter.php(903): App\Controllers\Usersub->__construct()
 2 SYSTEMPATH\CodeIgniter.php(498): CodeIgniter\CodeIgniter->createController()
 3 SYSTEMPATH\CodeIgniter.php(354): CodeIgniter\CodeIgniter->handleRequest(null, Object(Config\Cache), false)
 4 SYSTEMPATH\Boot.php(334): CodeIgniter\CodeIgniter->run()
 5 SYSTEMPATH\Boot.php(67): CodeIgniter\Boot::runCodeIgniter(Object(CodeIgniter\CodeIgniter))
 6 FCPATH\index.php(59): CodeIgniter\Boot::bootWeb(Object(Config\Paths))
WARNING - 2025-08-01 04:15:08 --> [DEPRECATED] Creation of dynamic property App\Controllers\Usersub::$userModel is deprecated in APPPATH\Controllers\Usersub.php on line 24.
 1 SYSTEMPATH\CodeIgniter.php(903): App\Controllers\Usersub->__construct()
 2 SYSTEMPATH\CodeIgniter.php(498): CodeIgniter\CodeIgniter->createController()
 3 SYSTEMPATH\CodeIgniter.php(354): CodeIgniter\CodeIgniter->handleRequest(null, Object(Config\Cache), false)
 4 SYSTEMPATH\Boot.php(334): CodeIgniter\CodeIgniter->run()
 5 SYSTEMPATH\Boot.php(67): CodeIgniter\Boot::runCodeIgniter(Object(CodeIgniter\CodeIgniter))
 6 FCPATH\index.php(59): CodeIgniter\Boot::bootWeb(Object(Config\Paths))
DEBUG - 2025-08-01 04:36:36 --> Session: Class initialized using 'CodeIgniter\Session\Handlers\FileHandler' driver.
WARNING - 2025-08-01 04:36:36 --> [DEPRECATED] Creation of dynamic property App\Controllers\Usersub::$session is deprecated in APPPATH\Controllers\Usersub.php on line 19.
 1 SYSTEMPATH\CodeIgniter.php(903): App\Controllers\Usersub->__construct()
 2 SYSTEMPATH\CodeIgniter.php(498): CodeIgniter\CodeIgniter->createController()
 3 SYSTEMPATH\CodeIgniter.php(354): CodeIgniter\CodeIgniter->handleRequest(null, Object(Config\Cache), false)
 4 SYSTEMPATH\Boot.php(334): CodeIgniter\CodeIgniter->run()
 5 SYSTEMPATH\Boot.php(67): CodeIgniter\Boot::runCodeIgniter(Object(CodeIgniter\CodeIgniter))
 6 FCPATH\index.php(59): CodeIgniter\Boot::bootWeb(Object(Config\Paths))
WARNING - 2025-08-01 04:36:36 --> [DEPRECATED] Creation of dynamic property App\Controllers\Usersub::$input is deprecated in APPPATH\Controllers\Usersub.php on line 20.
 1 SYSTEMPATH\CodeIgniter.php(903): App\Controllers\Usersub->__construct()
 2 SYSTEMPATH\CodeIgniter.php(498): CodeIgniter\CodeIgniter->createController()
 3 SYSTEMPATH\CodeIgniter.php(354): CodeIgniter\CodeIgniter->handleRequest(null, Object(Config\Cache), false)
 4 SYSTEMPATH\Boot.php(334): CodeIgniter\CodeIgniter->run()
 5 SYSTEMPATH\Boot.php(67): CodeIgniter\Boot::runCodeIgniter(Object(CodeIgniter\CodeIgniter))
 6 FCPATH\index.php(59): CodeIgniter\Boot::bootWeb(Object(Config\Paths))
WARNING - 2025-08-01 04:36:36 --> [DEPRECATED] Creation of dynamic property App\Controllers\Usersub::$authService is deprecated in APPPATH\Controllers\Usersub.php on line 21.
 1 SYSTEMPATH\CodeIgniter.php(903): App\Controllers\Usersub->__construct()
 2 SYSTEMPATH\CodeIgniter.php(498): CodeIgniter\CodeIgniter->createController()
 3 SYSTEMPATH\CodeIgniter.php(354): CodeIgniter\CodeIgniter->handleRequest(null, Object(Config\Cache), false)
 4 SYSTEMPATH\Boot.php(334): CodeIgniter\CodeIgniter->run()
 5 SYSTEMPATH\Boot.php(67): CodeIgniter\Boot::runCodeIgniter(Object(CodeIgniter\CodeIgniter))
 6 FCPATH\index.php(59): CodeIgniter\Boot::bootWeb(Object(Config\Paths))
WARNING - 2025-08-01 04:36:36 --> [DEPRECATED] Creation of dynamic property App\Controllers\Usersub::$userModel is deprecated in APPPATH\Controllers\Usersub.php on line 24.
 1 SYSTEMPATH\CodeIgniter.php(903): App\Controllers\Usersub->__construct()
 2 SYSTEMPATH\CodeIgniter.php(498): CodeIgniter\CodeIgniter->createController()
 3 SYSTEMPATH\CodeIgniter.php(354): CodeIgniter\CodeIgniter->handleRequest(null, Object(Config\Cache), false)
 4 SYSTEMPATH\Boot.php(334): CodeIgniter\CodeIgniter->run()
 5 SYSTEMPATH\Boot.php(67): CodeIgniter\Boot::runCodeIgniter(Object(CodeIgniter\CodeIgniter))
 6 FCPATH\index.php(59): CodeIgniter\Boot::bootWeb(Object(Config\Paths))
DEBUG - 2025-08-01 04:37:48 --> Session: Class initialized using 'CodeIgniter\Session\Handlers\FileHandler' driver.
WARNING - 2025-08-01 04:37:48 --> [DEPRECATED] Creation of dynamic property App\Controllers\Usersub::$session is deprecated in APPPATH\Controllers\Usersub.php on line 19.
 1 SYSTEMPATH\CodeIgniter.php(903): App\Controllers\Usersub->__construct()
 2 SYSTEMPATH\CodeIgniter.php(498): CodeIgniter\CodeIgniter->createController()
 3 SYSTEMPATH\CodeIgniter.php(354): CodeIgniter\CodeIgniter->handleRequest(null, Object(Config\Cache), false)
 4 SYSTEMPATH\Boot.php(334): CodeIgniter\CodeIgniter->run()
 5 SYSTEMPATH\Boot.php(67): CodeIgniter\Boot::runCodeIgniter(Object(CodeIgniter\CodeIgniter))
 6 FCPATH\index.php(59): CodeIgniter\Boot::bootWeb(Object(Config\Paths))
WARNING - 2025-08-01 04:37:48 --> [DEPRECATED] Creation of dynamic property App\Controllers\Usersub::$input is deprecated in APPPATH\Controllers\Usersub.php on line 20.
 1 SYSTEMPATH\CodeIgniter.php(903): App\Controllers\Usersub->__construct()
 2 SYSTEMPATH\CodeIgniter.php(498): CodeIgniter\CodeIgniter->createController()
 3 SYSTEMPATH\CodeIgniter.php(354): CodeIgniter\CodeIgniter->handleRequest(null, Object(Config\Cache), false)
 4 SYSTEMPATH\Boot.php(334): CodeIgniter\CodeIgniter->run()
 5 SYSTEMPATH\Boot.php(67): CodeIgniter\Boot::runCodeIgniter(Object(CodeIgniter\CodeIgniter))
 6 FCPATH\index.php(59): CodeIgniter\Boot::bootWeb(Object(Config\Paths))
WARNING - 2025-08-01 04:37:48 --> [DEPRECATED] Creation of dynamic property App\Controllers\Usersub::$authService is deprecated in APPPATH\Controllers\Usersub.php on line 21.
 1 SYSTEMPATH\CodeIgniter.php(903): App\Controllers\Usersub->__construct()
 2 SYSTEMPATH\CodeIgniter.php(498): CodeIgniter\CodeIgniter->createController()
 3 SYSTEMPATH\CodeIgniter.php(354): CodeIgniter\CodeIgniter->handleRequest(null, Object(Config\Cache), false)
 4 SYSTEMPATH\Boot.php(334): CodeIgniter\CodeIgniter->run()
 5 SYSTEMPATH\Boot.php(67): CodeIgniter\Boot::runCodeIgniter(Object(CodeIgniter\CodeIgniter))
 6 FCPATH\index.php(59): CodeIgniter\Boot::bootWeb(Object(Config\Paths))
WARNING - 2025-08-01 04:37:48 --> [DEPRECATED] Creation of dynamic property App\Controllers\Usersub::$userModel is deprecated in APPPATH\Controllers\Usersub.php on line 24.
 1 SYSTEMPATH\CodeIgniter.php(903): App\Controllers\Usersub->__construct()
 2 SYSTEMPATH\CodeIgniter.php(498): CodeIgniter\CodeIgniter->createController()
 3 SYSTEMPATH\CodeIgniter.php(354): CodeIgniter\CodeIgniter->handleRequest(null, Object(Config\Cache), false)
 4 SYSTEMPATH\Boot.php(334): CodeIgniter\CodeIgniter->run()
 5 SYSTEMPATH\Boot.php(67): CodeIgniter\Boot::runCodeIgniter(Object(CodeIgniter\CodeIgniter))
 6 FCPATH\index.php(59): CodeIgniter\Boot::bootWeb(Object(Config\Paths))
ERROR - 2025-08-01 04:37:49 --> mysqli_sql_exception: Unknown column 'stripe_price_id' in 'field list' in C:\xampp\htdocs\Cukkuboo_BE\cukkuboo-php\system\Database\MySQLi\Connection.php:327
Stack trace:
#0 C:\xampp\htdocs\Cukkuboo_BE\cukkuboo-php\system\Database\MySQLi\Connection.php(327): mysqli->query('INSERT INTO `us...', 0)
#1 C:\xampp\htdocs\Cukkuboo_BE\cukkuboo-php\system\Database\BaseConnection.php(738): CodeIgniter\Database\MySQLi\Connection->execute('INSERT INTO `us...')
#2 C:\xampp\htdocs\Cukkuboo_BE\cukkuboo-php\system\Database\BaseConnection.php(652): CodeIgniter\Database\BaseConnection->simpleQuery('INSERT INTO `us...')
#3 C:\xampp\htdocs\Cukkuboo_BE\cukkuboo-php\system\Database\BaseBuilder.php(2345): CodeIgniter\Database\BaseConnection->query('INSERT INTO `us...', Array, false)
#4 C:\xampp\htdocs\Cukkuboo_BE\cukkuboo-php\system\Model.php(394): CodeIgniter\Database\BaseBuilder->insert()
#5 C:\xampp\htdocs\Cukkuboo_BE\cukkuboo-php\system\BaseModel.php(843): CodeIgniter\Model->doInsert(Array)
#6 C:\xampp\htdocs\Cukkuboo_BE\cukkuboo-php\system\Model.php(800): CodeIgniter\BaseModel->insert(Array, true)
#7 C:\xampp\htdocs\Cukkuboo_BE\cukkuboo-php\app\Controllers\Usersub.php(122): CodeIgniter\Model->insert(Array)
#8 C:\xampp\htdocs\Cukkuboo_BE\cukkuboo-php\system\CodeIgniter.php(933): App\Controllers\Usersub->createSubscribe()
#9 C:\xampp\htdocs\Cukkuboo_BE\cukkuboo-php\system\CodeIgniter.php(507): CodeIgniter\CodeIgniter->runController(Object(App\Controllers\Usersub))
#10 C:\xampp\htdocs\Cukkuboo_BE\cukkuboo-php\system\CodeIgniter.php(354): CodeIgniter\CodeIgniter->handleRequest(NULL, Object(Config\Cache), false)
#11 C:\xampp\htdocs\Cukkuboo_BE\cukkuboo-php\system\Boot.php(334): CodeIgniter\CodeIgniter->run()
#12 C:\xampp\htdocs\Cukkuboo_BE\cukkuboo-php\system\Boot.php(67): CodeIgniter\Boot::runCodeIgniter(Object(CodeIgniter\CodeIgniter))
#13 C:\xampp\htdocs\Cukkuboo_BE\cukkuboo-php\index.php(59): CodeIgniter\Boot::bootWeb(Object(Config\Paths))
#14 {main}
CRITICAL - 2025-08-01 04:37:49 --> CodeIgniter\Database\Exceptions\DatabaseException: Unknown column 'stripe_price_id' in 'field list'
[Method: POST, Route: usersub/save]
in SYSTEMPATH\Database\BaseConnection.php on line 692.
 1 SYSTEMPATH\Database\BaseBuilder.php(2345): CodeIgniter\Database\BaseConnection->query('INSERT INTO `user_subscription` (`user_id`, `subscriptionplan_id`, `plan_name`, `price`, `start_date`, `end_date`, `status`, `stripe_price_id`, `created_on`, `created_by`, `modify_on`, `modify_by`) VALUES (:user_id:, :subscriptionplan_id:, :plan_name:, :price:, :start_date:, :end_date:, :status:, :stripe_price_id:, :created_on:, :created_by:, :modify_on:, :modify_by:)', [...], false)
 2 SYSTEMPATH\Model.php(394): CodeIgniter\Database\BaseBuilder->insert()
 3 SYSTEMPATH\BaseModel.php(843): CodeIgniter\Model->doInsert([...])
 4 SYSTEMPATH\Model.php(800): CodeIgniter\BaseModel->insert([...], true)
 5 APPPATH\Controllers\Usersub.php(122): CodeIgniter\Model->insert([...])
 6 SYSTEMPATH\CodeIgniter.php(933): App\Controllers\Usersub->createSubscribe()
 7 SYSTEMPATH\CodeIgniter.php(507): CodeIgniter\CodeIgniter->runController(Object(App\Controllers\Usersub))
 8 SYSTEMPATH\CodeIgniter.php(354): CodeIgniter\CodeIgniter->handleRequest(null, Object(Config\Cache), false)
 9 SYSTEMPATH\Boot.php(334): CodeIgniter\CodeIgniter->run()
10 SYSTEMPATH\Boot.php(67): CodeIgniter\Boot::runCodeIgniter(Object(CodeIgniter\CodeIgniter))
11 FCPATH\index.php(59): CodeIgniter\Boot::bootWeb(Object(Config\Paths))
CRITICAL - 2025-08-01 04:37:49 --> [Caused by] CodeIgniter\Database\Exceptions\DatabaseException: Unknown column 'stripe_price_id' in 'field list'
in SYSTEMPATH\Database\MySQLi\Connection.php on line 332.
 1 SYSTEMPATH\Database\BaseConnection.php(738): CodeIgniter\Database\MySQLi\Connection->execute('INSERT INTO `user_subscription` (`user_id`, `subscriptionplan_id`, `plan_name`, `price`, `start_date`, `end_date`, `status`, `stripe_price_id`, `created_on`, `created_by`, `modify_on`, `modify_by`) VALUES (\'29\', 133, \'plan 9999\', 1600, \'2025-08-01\', \'2025-08-03\', 1, NULL, \'2025-08-01 04:37:49\', \'29\', \'2025-08-01 04:37:49\', \'29\')')
 2 SYSTEMPATH\Database\BaseConnection.php(652): CodeIgniter\Database\BaseConnection->simpleQuery('INSERT INTO `user_subscription` (`user_id`, `subscriptionplan_id`, `plan_name`, `price`, `start_date`, `end_date`, `status`, `stripe_price_id`, `created_on`, `created_by`, `modify_on`, `modify_by`) VALUES (\'29\', 133, \'plan 9999\', 1600, \'2025-08-01\', \'2025-08-03\', 1, NULL, \'2025-08-01 04:37:49\', \'29\', \'2025-08-01 04:37:49\', \'29\')')
 3 SYSTEMPATH\Database\BaseBuilder.php(2345): CodeIgniter\Database\BaseConnection->query('INSERT INTO `user_subscription` (`user_id`, `subscriptionplan_id`, `plan_name`, `price`, `start_date`, `end_date`, `status`, `stripe_price_id`, `created_on`, `created_by`, `modify_on`, `modify_by`) VALUES (:user_id:, :subscriptionplan_id:, :plan_name:, :price:, :start_date:, :end_date:, :status:, :stripe_price_id:, :created_on:, :created_by:, :modify_on:, :modify_by:)', [...], false)
 4 SYSTEMPATH\Model.php(394): CodeIgniter\Database\BaseBuilder->insert()
 5 SYSTEMPATH\BaseModel.php(843): CodeIgniter\Model->doInsert([...])
 6 SYSTEMPATH\Model.php(800): CodeIgniter\BaseModel->insert([...], true)
 7 APPPATH\Controllers\Usersub.php(122): CodeIgniter\Model->insert([...])
 8 SYSTEMPATH\CodeIgniter.php(933): App\Controllers\Usersub->createSubscribe()
 9 SYSTEMPATH\CodeIgniter.php(507): CodeIgniter\CodeIgniter->runController(Object(App\Controllers\Usersub))
10 SYSTEMPATH\CodeIgniter.php(354): CodeIgniter\CodeIgniter->handleRequest(null, Object(Config\Cache), false)
11 SYSTEMPATH\Boot.php(334): CodeIgniter\CodeIgniter->run()
12 SYSTEMPATH\Boot.php(67): CodeIgniter\Boot::runCodeIgniter(Object(CodeIgniter\CodeIgniter))
13 FCPATH\index.php(59): CodeIgniter\Boot::bootWeb(Object(Config\Paths))
CRITICAL - 2025-08-01 04:37:49 --> [Caused by] mysqli_sql_exception: Unknown column 'stripe_price_id' in 'field list'
in SYSTEMPATH\Database\MySQLi\Connection.php on line 327.
 1 SYSTEMPATH\Database\MySQLi\Connection.php(327): mysqli->query('INSERT INTO `user_subscription` (`user_id`, `subscriptionplan_id`, `plan_name`, `price`, `start_date`, `end_date`, `status`, `stripe_price_id`, `created_on`, `created_by`, `modify_on`, `modify_by`) VALUES (\'29\', 133, \'plan 9999\', 1600, \'2025-08-01\', \'2025-08-03\', 1, NULL, \'2025-08-01 04:37:49\', \'29\', \'2025-08-01 04:37:49\', \'29\')', 0)
 2 SYSTEMPATH\Database\BaseConnection.php(738): CodeIgniter\Database\MySQLi\Connection->execute('INSERT INTO `user_subscription` (`user_id`, `subscriptionplan_id`, `plan_name`, `price`, `start_date`, `end_date`, `status`, `stripe_price_id`, `created_on`, `created_by`, `modify_on`, `modify_by`) VALUES (\'29\', 133, \'plan 9999\', 1600, \'2025-08-01\', \'2025-08-03\', 1, NULL, \'2025-08-01 04:37:49\', \'29\', \'2025-08-01 04:37:49\', \'29\')')
 3 SYSTEMPATH\Database\BaseConnection.php(652): CodeIgniter\Database\BaseConnection->simpleQuery('INSERT INTO `user_subscription` (`user_id`, `subscriptionplan_id`, `plan_name`, `price`, `start_date`, `end_date`, `status`, `stripe_price_id`, `created_on`, `created_by`, `modify_on`, `modify_by`) VALUES (\'29\', 133, \'plan 9999\', 1600, \'2025-08-01\', \'2025-08-03\', 1, NULL, \'2025-08-01 04:37:49\', \'29\', \'2025-08-01 04:37:49\', \'29\')')
 4 SYSTEMPATH\Database\BaseBuilder.php(2345): CodeIgniter\Database\BaseConnection->query('INSERT INTO `user_subscription` (`user_id`, `subscriptionplan_id`, `plan_name`, `price`, `start_date`, `end_date`, `status`, `stripe_price_id`, `created_on`, `created_by`, `modify_on`, `modify_by`) VALUES (:user_id:, :subscriptionplan_id:, :plan_name:, :price:, :start_date:, :end_date:, :status:, :stripe_price_id:, :created_on:, :created_by:, :modify_on:, :modify_by:)', [...], false)
 5 SYSTEMPATH\Model.php(394): CodeIgniter\Database\BaseBuilder->insert()
 6 SYSTEMPATH\BaseModel.php(843): CodeIgniter\Model->doInsert([...])
 7 SYSTEMPATH\Model.php(800): CodeIgniter\BaseModel->insert([...], true)
 8 APPPATH\Controllers\Usersub.php(122): CodeIgniter\Model->insert([...])
 9 SYSTEMPATH\CodeIgniter.php(933): App\Controllers\Usersub->createSubscribe()
10 SYSTEMPATH\CodeIgniter.php(507): CodeIgniter\CodeIgniter->runController(Object(App\Controllers\Usersub))
11 SYSTEMPATH\CodeIgniter.php(354): CodeIgniter\CodeIgniter->handleRequest(null, Object(Config\Cache), false)
12 SYSTEMPATH\Boot.php(334): CodeIgniter\CodeIgniter->run()
13 SYSTEMPATH\Boot.php(67): CodeIgniter\Boot::runCodeIgniter(Object(CodeIgniter\CodeIgniter))
14 FCPATH\index.php(59): CodeIgniter\Boot::bootWeb(Object(Config\Paths))
DEBUG - 2025-08-01 04:38:54 --> Session: Class initialized using 'CodeIgniter\Session\Handlers\FileHandler' driver.
WARNING - 2025-08-01 04:38:54 --> [DEPRECATED] Creation of dynamic property App\Controllers\Usersub::$session is deprecated in APPPATH\Controllers\Usersub.php on line 19.
 1 SYSTEMPATH\CodeIgniter.php(903): App\Controllers\Usersub->__construct()
 2 SYSTEMPATH\CodeIgniter.php(498): CodeIgniter\CodeIgniter->createController()
 3 SYSTEMPATH\CodeIgniter.php(354): CodeIgniter\CodeIgniter->handleRequest(null, Object(Config\Cache), false)
 4 SYSTEMPATH\Boot.php(334): CodeIgniter\CodeIgniter->run()
 5 SYSTEMPATH\Boot.php(67): CodeIgniter\Boot::runCodeIgniter(Object(CodeIgniter\CodeIgniter))
 6 FCPATH\index.php(59): CodeIgniter\Boot::bootWeb(Object(Config\Paths))
WARNING - 2025-08-01 04:38:54 --> [DEPRECATED] Creation of dynamic property App\Controllers\Usersub::$input is deprecated in APPPATH\Controllers\Usersub.php on line 20.
 1 SYSTEMPATH\CodeIgniter.php(903): App\Controllers\Usersub->__construct()
 2 SYSTEMPATH\CodeIgniter.php(498): CodeIgniter\CodeIgniter->createController()
 3 SYSTEMPATH\CodeIgniter.php(354): CodeIgniter\CodeIgniter->handleRequest(null, Object(Config\Cache), false)
 4 SYSTEMPATH\Boot.php(334): CodeIgniter\CodeIgniter->run()
 5 SYSTEMPATH\Boot.php(67): CodeIgniter\Boot::runCodeIgniter(Object(CodeIgniter\CodeIgniter))
 6 FCPATH\index.php(59): CodeIgniter\Boot::bootWeb(Object(Config\Paths))
WARNING - 2025-08-01 04:38:54 --> [DEPRECATED] Creation of dynamic property App\Controllers\Usersub::$authService is deprecated in APPPATH\Controllers\Usersub.php on line 21.
 1 SYSTEMPATH\CodeIgniter.php(903): App\Controllers\Usersub->__construct()
 2 SYSTEMPATH\CodeIgniter.php(498): CodeIgniter\CodeIgniter->createController()
 3 SYSTEMPATH\CodeIgniter.php(354): CodeIgniter\CodeIgniter->handleRequest(null, Object(Config\Cache), false)
 4 SYSTEMPATH\Boot.php(334): CodeIgniter\CodeIgniter->run()
 5 SYSTEMPATH\Boot.php(67): CodeIgniter\Boot::runCodeIgniter(Object(CodeIgniter\CodeIgniter))
 6 FCPATH\index.php(59): CodeIgniter\Boot::bootWeb(Object(Config\Paths))
WARNING - 2025-08-01 04:38:54 --> [DEPRECATED] Creation of dynamic property App\Controllers\Usersub::$userModel is deprecated in APPPATH\Controllers\Usersub.php on line 24.
 1 SYSTEMPATH\CodeIgniter.php(903): App\Controllers\Usersub->__construct()
 2 SYSTEMPATH\CodeIgniter.php(498): CodeIgniter\CodeIgniter->createController()
 3 SYSTEMPATH\CodeIgniter.php(354): CodeIgniter\CodeIgniter->handleRequest(null, Object(Config\Cache), false)
 4 SYSTEMPATH\Boot.php(334): CodeIgniter\CodeIgniter->run()
 5 SYSTEMPATH\Boot.php(67): CodeIgniter\Boot::runCodeIgniter(Object(CodeIgniter\CodeIgniter))
 6 FCPATH\index.php(59): CodeIgniter\Boot::bootWeb(Object(Config\Paths))
ERROR - 2025-08-01 04:38:54 --> mysqli_sql_exception: Unknown column 'stripe_price_id' in 'field list' in C:\xampp\htdocs\Cukkuboo_BE\cukkuboo-php\system\Database\MySQLi\Connection.php:327
Stack trace:
#0 C:\xampp\htdocs\Cukkuboo_BE\cukkuboo-php\system\Database\MySQLi\Connection.php(327): mysqli->query('INSERT INTO `us...', 0)
#1 C:\xampp\htdocs\Cukkuboo_BE\cukkuboo-php\system\Database\BaseConnection.php(738): CodeIgniter\Database\MySQLi\Connection->execute('INSERT INTO `us...')
#2 C:\xampp\htdocs\Cukkuboo_BE\cukkuboo-php\system\Database\BaseConnection.php(652): CodeIgniter\Database\BaseConnection->simpleQuery('INSERT INTO `us...')
#3 C:\xampp\htdocs\Cukkuboo_BE\cukkuboo-php\system\Database\BaseBuilder.php(2345): CodeIgniter\Database\BaseConnection->query('INSERT INTO `us...', Array, false)
#4 C:\xampp\htdocs\Cukkuboo_BE\cukkuboo-php\system\Model.php(394): CodeIgniter\Database\BaseBuilder->insert()
#5 C:\xampp\htdocs\Cukkuboo_BE\cukkuboo-php\system\BaseModel.php(843): CodeIgniter\Model->doInsert(Array)
#6 C:\xampp\htdocs\Cukkuboo_BE\cukkuboo-php\system\Model.php(800): CodeIgniter\BaseModel->insert(Array, true)
#7 C:\xampp\htdocs\Cukkuboo_BE\cukkuboo-php\app\Controllers\Usersub.php(122): CodeIgniter\Model->insert(Array)
#8 C:\xampp\htdocs\Cukkuboo_BE\cukkuboo-php\system\CodeIgniter.php(933): App\Controllers\Usersub->createSubscribe()
#9 C:\xampp\htdocs\Cukkuboo_BE\cukkuboo-php\system\CodeIgniter.php(507): CodeIgniter\CodeIgniter->runController(Object(App\Controllers\Usersub))
#10 C:\xampp\htdocs\Cukkuboo_BE\cukkuboo-php\system\CodeIgniter.php(354): CodeIgniter\CodeIgniter->handleRequest(NULL, Object(Config\Cache), false)
#11 C:\xampp\htdocs\Cukkuboo_BE\cukkuboo-php\system\Boot.php(334): CodeIgniter\CodeIgniter->run()
#12 C:\xampp\htdocs\Cukkuboo_BE\cukkuboo-php\system\Boot.php(67): CodeIgniter\Boot::runCodeIgniter(Object(CodeIgniter\CodeIgniter))
#13 C:\xampp\htdocs\Cukkuboo_BE\cukkuboo-php\index.php(59): CodeIgniter\Boot::bootWeb(Object(Config\Paths))
#14 {main}
CRITICAL - 2025-08-01 04:38:54 --> CodeIgniter\Database\Exceptions\DatabaseException: Unknown column 'stripe_price_id' in 'field list'
[Method: POST, Route: usersub/save]
in SYSTEMPATH\Database\BaseConnection.php on line 692.
 1 SYSTEMPATH\Database\BaseBuilder.php(2345): CodeIgniter\Database\BaseConnection->query('INSERT INTO `user_subscription` (`user_id`, `subscriptionplan_id`, `plan_name`, `price`, `start_date`, `end_date`, `status`, `stripe_price_id`, `created_on`, `created_by`, `modify_on`, `modify_by`) VALUES (:user_id:, :subscriptionplan_id:, :plan_name:, :price:, :start_date:, :end_date:, :status:, :stripe_price_id:, :created_on:, :created_by:, :modify_on:, :modify_by:)', [...], false)
 2 SYSTEMPATH\Model.php(394): CodeIgniter\Database\BaseBuilder->insert()
 3 SYSTEMPATH\BaseModel.php(843): CodeIgniter\Model->doInsert([...])
 4 SYSTEMPATH\Model.php(800): CodeIgniter\BaseModel->insert([...], true)
 5 APPPATH\Controllers\Usersub.php(122): CodeIgniter\Model->insert([...])
 6 SYSTEMPATH\CodeIgniter.php(933): App\Controllers\Usersub->createSubscribe()
 7 SYSTEMPATH\CodeIgniter.php(507): CodeIgniter\CodeIgniter->runController(Object(App\Controllers\Usersub))
 8 SYSTEMPATH\CodeIgniter.php(354): CodeIgniter\CodeIgniter->handleRequest(null, Object(Config\Cache), false)
 9 SYSTEMPATH\Boot.php(334): CodeIgniter\CodeIgniter->run()
10 SYSTEMPATH\Boot.php(67): CodeIgniter\Boot::runCodeIgniter(Object(CodeIgniter\CodeIgniter))
11 FCPATH\index.php(59): CodeIgniter\Boot::bootWeb(Object(Config\Paths))
CRITICAL - 2025-08-01 04:38:54 --> [Caused by] CodeIgniter\Database\Exceptions\DatabaseException: Unknown column 'stripe_price_id' in 'field list'
in SYSTEMPATH\Database\MySQLi\Connection.php on line 332.
 1 SYSTEMPATH\Database\BaseConnection.php(738): CodeIgniter\Database\MySQLi\Connection->execute('INSERT INTO `user_subscription` (`user_id`, `subscriptionplan_id`, `plan_name`, `price`, `start_date`, `end_date`, `status`, `stripe_price_id`, `created_on`, `created_by`, `modify_on`, `modify_by`) VALUES (\'29\', 133, \'plan 9999\', 1600, \'2025-08-01\', \'2025-08-03\', 1, NULL, \'2025-08-01 04:38:54\', \'29\', \'2025-08-01 04:38:54\', \'29\')')
 2 SYSTEMPATH\Database\BaseConnection.php(652): CodeIgniter\Database\BaseConnection->simpleQuery('INSERT INTO `user_subscription` (`user_id`, `subscriptionplan_id`, `plan_name`, `price`, `start_date`, `end_date`, `status`, `stripe_price_id`, `created_on`, `created_by`, `modify_on`, `modify_by`) VALUES (\'29\', 133, \'plan 9999\', 1600, \'2025-08-01\', \'2025-08-03\', 1, NULL, \'2025-08-01 04:38:54\', \'29\', \'2025-08-01 04:38:54\', \'29\')')
 3 SYSTEMPATH\Database\BaseBuilder.php(2345): CodeIgniter\Database\BaseConnection->query('INSERT INTO `user_subscription` (`user_id`, `subscriptionplan_id`, `plan_name`, `price`, `start_date`, `end_date`, `status`, `stripe_price_id`, `created_on`, `created_by`, `modify_on`, `modify_by`) VALUES (:user_id:, :subscriptionplan_id:, :plan_name:, :price:, :start_date:, :end_date:, :status:, :stripe_price_id:, :created_on:, :created_by:, :modify_on:, :modify_by:)', [...], false)
 4 SYSTEMPATH\Model.php(394): CodeIgniter\Database\BaseBuilder->insert()
 5 SYSTEMPATH\BaseModel.php(843): CodeIgniter\Model->doInsert([...])
 6 SYSTEMPATH\Model.php(800): CodeIgniter\BaseModel->insert([...], true)
 7 APPPATH\Controllers\Usersub.php(122): CodeIgniter\Model->insert([...])
 8 SYSTEMPATH\CodeIgniter.php(933): App\Controllers\Usersub->createSubscribe()
 9 SYSTEMPATH\CodeIgniter.php(507): CodeIgniter\CodeIgniter->runController(Object(App\Controllers\Usersub))
10 SYSTEMPATH\CodeIgniter.php(354): CodeIgniter\CodeIgniter->handleRequest(null, Object(Config\Cache), false)
11 SYSTEMPATH\Boot.php(334): CodeIgniter\CodeIgniter->run()
12 SYSTEMPATH\Boot.php(67): CodeIgniter\Boot::runCodeIgniter(Object(CodeIgniter\CodeIgniter))
13 FCPATH\index.php(59): CodeIgniter\Boot::bootWeb(Object(Config\Paths))
CRITICAL - 2025-08-01 04:38:54 --> [Caused by] mysqli_sql_exception: Unknown column 'stripe_price_id' in 'field list'
in SYSTEMPATH\Database\MySQLi\Connection.php on line 327.
 1 SYSTEMPATH\Database\MySQLi\Connection.php(327): mysqli->query('INSERT INTO `user_subscription` (`user_id`, `subscriptionplan_id`, `plan_name`, `price`, `start_date`, `end_date`, `status`, `stripe_price_id`, `created_on`, `created_by`, `modify_on`, `modify_by`) VALUES (\'29\', 133, \'plan 9999\', 1600, \'2025-08-01\', \'2025-08-03\', 1, NULL, \'2025-08-01 04:38:54\', \'29\', \'2025-08-01 04:38:54\', \'29\')', 0)
 2 SYSTEMPATH\Database\BaseConnection.php(738): CodeIgniter\Database\MySQLi\Connection->execute('INSERT INTO `user_subscription` (`user_id`, `subscriptionplan_id`, `plan_name`, `price`, `start_date`, `end_date`, `status`, `stripe_price_id`, `created_on`, `created_by`, `modify_on`, `modify_by`) VALUES (\'29\', 133, \'plan 9999\', 1600, \'2025-08-01\', \'2025-08-03\', 1, NULL, \'2025-08-01 04:38:54\', \'29\', \'2025-08-01 04:38:54\', \'29\')')
 3 SYSTEMPATH\Database\BaseConnection.php(652): CodeIgniter\Database\BaseConnection->simpleQuery('INSERT INTO `user_subscription` (`user_id`, `subscriptionplan_id`, `plan_name`, `price`, `start_date`, `end_date`, `status`, `stripe_price_id`, `created_on`, `created_by`, `modify_on`, `modify_by`) VALUES (\'29\', 133, \'plan 9999\', 1600, \'2025-08-01\', \'2025-08-03\', 1, NULL, \'2025-08-01 04:38:54\', \'29\', \'2025-08-01 04:38:54\', \'29\')')
 4 SYSTEMPATH\Database\BaseBuilder.php(2345): CodeIgniter\Database\BaseConnection->query('INSERT INTO `user_subscription` (`user_id`, `subscriptionplan_id`, `plan_name`, `price`, `start_date`, `end_date`, `status`, `stripe_price_id`, `created_on`, `created_by`, `modify_on`, `modify_by`) VALUES (:user_id:, :subscriptionplan_id:, :plan_name:, :price:, :start_date:, :end_date:, :status:, :stripe_price_id:, :created_on:, :created_by:, :modify_on:, :modify_by:)', [...], false)
 5 SYSTEMPATH\Model.php(394): CodeIgniter\Database\BaseBuilder->insert()
 6 SYSTEMPATH\BaseModel.php(843): CodeIgniter\Model->doInsert([...])
 7 SYSTEMPATH\Model.php(800): CodeIgniter\BaseModel->insert([...], true)
 8 APPPATH\Controllers\Usersub.php(122): CodeIgniter\Model->insert([...])
 9 SYSTEMPATH\CodeIgniter.php(933): App\Controllers\Usersub->createSubscribe()
10 SYSTEMPATH\CodeIgniter.php(507): CodeIgniter\CodeIgniter->runController(Object(App\Controllers\Usersub))
11 SYSTEMPATH\CodeIgniter.php(354): CodeIgniter\CodeIgniter->handleRequest(null, Object(Config\Cache), false)
12 SYSTEMPATH\Boot.php(334): CodeIgniter\CodeIgniter->run()
13 SYSTEMPATH\Boot.php(67): CodeIgniter\Boot::runCodeIgniter(Object(CodeIgniter\CodeIgniter))
14 FCPATH\index.php(59): CodeIgniter\Boot::bootWeb(Object(Config\Paths))
DEBUG - 2025-08-01 04:40:46 --> Session: Class initialized using 'CodeIgniter\Session\Handlers\FileHandler' driver.
WARNING - 2025-08-01 04:40:46 --> [DEPRECATED] Creation of dynamic property App\Controllers\Usersub::$session is deprecated in APPPATH\Controllers\Usersub.php on line 19.
 1 SYSTEMPATH\CodeIgniter.php(903): App\Controllers\Usersub->__construct()
 2 SYSTEMPATH\CodeIgniter.php(498): CodeIgniter\CodeIgniter->createController()
 3 SYSTEMPATH\CodeIgniter.php(354): CodeIgniter\CodeIgniter->handleRequest(null, Object(Config\Cache), false)
 4 SYSTEMPATH\Boot.php(334): CodeIgniter\CodeIgniter->run()
 5 SYSTEMPATH\Boot.php(67): CodeIgniter\Boot::runCodeIgniter(Object(CodeIgniter\CodeIgniter))
 6 FCPATH\index.php(59): CodeIgniter\Boot::bootWeb(Object(Config\Paths))
WARNING - 2025-08-01 04:40:46 --> [DEPRECATED] Creation of dynamic property App\Controllers\Usersub::$input is deprecated in APPPATH\Controllers\Usersub.php on line 20.
 1 SYSTEMPATH\CodeIgniter.php(903): App\Controllers\Usersub->__construct()
 2 SYSTEMPATH\CodeIgniter.php(498): CodeIgniter\CodeIgniter->createController()
 3 SYSTEMPATH\CodeIgniter.php(354): CodeIgniter\CodeIgniter->handleRequest(null, Object(Config\Cache), false)
 4 SYSTEMPATH\Boot.php(334): CodeIgniter\CodeIgniter->run()
 5 SYSTEMPATH\Boot.php(67): CodeIgniter\Boot::runCodeIgniter(Object(CodeIgniter\CodeIgniter))
 6 FCPATH\index.php(59): CodeIgniter\Boot::bootWeb(Object(Config\Paths))
WARNING - 2025-08-01 04:40:46 --> [DEPRECATED] Creation of dynamic property App\Controllers\Usersub::$authService is deprecated in APPPATH\Controllers\Usersub.php on line 21.
 1 SYSTEMPATH\CodeIgniter.php(903): App\Controllers\Usersub->__construct()
 2 SYSTEMPATH\CodeIgniter.php(498): CodeIgniter\CodeIgniter->createController()
 3 SYSTEMPATH\CodeIgniter.php(354): CodeIgniter\CodeIgniter->handleRequest(null, Object(Config\Cache), false)
 4 SYSTEMPATH\Boot.php(334): CodeIgniter\CodeIgniter->run()
 5 SYSTEMPATH\Boot.php(67): CodeIgniter\Boot::runCodeIgniter(Object(CodeIgniter\CodeIgniter))
 6 FCPATH\index.php(59): CodeIgniter\Boot::bootWeb(Object(Config\Paths))
WARNING - 2025-08-01 04:40:46 --> [DEPRECATED] Creation of dynamic property App\Controllers\Usersub::$userModel is deprecated in APPPATH\Controllers\Usersub.php on line 24.
 1 SYSTEMPATH\CodeIgniter.php(903): App\Controllers\Usersub->__construct()
 2 SYSTEMPATH\CodeIgniter.php(498): CodeIgniter\CodeIgniter->createController()
 3 SYSTEMPATH\CodeIgniter.php(354): CodeIgniter\CodeIgniter->handleRequest(null, Object(Config\Cache), false)
 4 SYSTEMPATH\Boot.php(334): CodeIgniter\CodeIgniter->run()
 5 SYSTEMPATH\Boot.php(67): CodeIgniter\Boot::runCodeIgniter(Object(CodeIgniter\CodeIgniter))
 6 FCPATH\index.php(59): CodeIgniter\Boot::bootWeb(Object(Config\Paths))
ERROR - 2025-08-01 04:40:46 --> mysqli_sql_exception: Unknown column 'stripe_price_id' in 'field list' in C:\xampp\htdocs\Cukkuboo_BE\cukkuboo-php\system\Database\MySQLi\Connection.php:327
Stack trace:
#0 C:\xampp\htdocs\Cukkuboo_BE\cukkuboo-php\system\Database\MySQLi\Connection.php(327): mysqli->query('INSERT INTO `us...', 0)
#1 C:\xampp\htdocs\Cukkuboo_BE\cukkuboo-php\system\Database\BaseConnection.php(738): CodeIgniter\Database\MySQLi\Connection->execute('INSERT INTO `us...')
#2 C:\xampp\htdocs\Cukkuboo_BE\cukkuboo-php\system\Database\BaseConnection.php(652): CodeIgniter\Database\BaseConnection->simpleQuery('INSERT INTO `us...')
#3 C:\xampp\htdocs\Cukkuboo_BE\cukkuboo-php\system\Database\BaseBuilder.php(2345): CodeIgniter\Database\BaseConnection->query('INSERT INTO `us...', Array, false)
#4 C:\xampp\htdocs\Cukkuboo_BE\cukkuboo-php\system\Model.php(394): CodeIgniter\Database\BaseBuilder->insert()
#5 C:\xampp\htdocs\Cukkuboo_BE\cukkuboo-php\system\BaseModel.php(843): CodeIgniter\Model->doInsert(Array)
#6 C:\xampp\htdocs\Cukkuboo_BE\cukkuboo-php\system\Model.php(800): CodeIgniter\BaseModel->insert(Array, true)
#7 C:\xampp\htdocs\Cukkuboo_BE\cukkuboo-php\app\Controllers\Usersub.php(123): CodeIgniter\Model->insert(Array)
#8 C:\xampp\htdocs\Cukkuboo_BE\cukkuboo-php\system\CodeIgniter.php(933): App\Controllers\Usersub->createSubscribe()
#9 C:\xampp\htdocs\Cukkuboo_BE\cukkuboo-php\system\CodeIgniter.php(507): CodeIgniter\CodeIgniter->runController(Object(App\Controllers\Usersub))
#10 C:\xampp\htdocs\Cukkuboo_BE\cukkuboo-php\system\CodeIgniter.php(354): CodeIgniter\CodeIgniter->handleRequest(NULL, Object(Config\Cache), false)
#11 C:\xampp\htdocs\Cukkuboo_BE\cukkuboo-php\system\Boot.php(334): CodeIgniter\CodeIgniter->run()
#12 C:\xampp\htdocs\Cukkuboo_BE\cukkuboo-php\system\Boot.php(67): CodeIgniter\Boot::runCodeIgniter(Object(CodeIgniter\CodeIgniter))
#13 C:\xampp\htdocs\Cukkuboo_BE\cukkuboo-php\index.php(59): CodeIgniter\Boot::bootWeb(Object(Config\Paths))
#14 {main}
CRITICAL - 2025-08-01 04:40:46 --> CodeIgniter\Database\Exceptions\DatabaseException: Unknown column 'stripe_price_id' in 'field list'
[Method: POST, Route: usersub/save]
in SYSTEMPATH\Database\BaseConnection.php on line 692.
 1 SYSTEMPATH\Database\BaseBuilder.php(2345): CodeIgniter\Database\BaseConnection->query('INSERT INTO `user_subscription` (`user_id`, `subscriptionplan_id`, `plan_name`, `price`, `start_date`, `end_date`, `status`, `stripe_price_id`, `created_on`, `created_by`, `modify_on`, `modify_by`) VALUES (:user_id:, :subscriptionplan_id:, :plan_name:, :price:, :start_date:, :end_date:, :status:, :stripe_price_id:, :created_on:, :created_by:, :modify_on:, :modify_by:)', [...], false)
 2 SYSTEMPATH\Model.php(394): CodeIgniter\Database\BaseBuilder->insert()
 3 SYSTEMPATH\BaseModel.php(843): CodeIgniter\Model->doInsert([...])
 4 SYSTEMPATH\Model.php(800): CodeIgniter\BaseModel->insert([...], true)
 5 APPPATH\Controllers\Usersub.php(123): CodeIgniter\Model->insert([...])
 6 SYSTEMPATH\CodeIgniter.php(933): App\Controllers\Usersub->createSubscribe()
 7 SYSTEMPATH\CodeIgniter.php(507): CodeIgniter\CodeIgniter->runController(Object(App\Controllers\Usersub))
 8 SYSTEMPATH\CodeIgniter.php(354): CodeIgniter\CodeIgniter->handleRequest(null, Object(Config\Cache), false)
 9 SYSTEMPATH\Boot.php(334): CodeIgniter\CodeIgniter->run()
10 SYSTEMPATH\Boot.php(67): CodeIgniter\Boot::runCodeIgniter(Object(CodeIgniter\CodeIgniter))
11 FCPATH\index.php(59): CodeIgniter\Boot::bootWeb(Object(Config\Paths))
CRITICAL - 2025-08-01 04:40:46 --> [Caused by] CodeIgniter\Database\Exceptions\DatabaseException: Unknown column 'stripe_price_id' in 'field list'
in SYSTEMPATH\Database\MySQLi\Connection.php on line 332.
 1 SYSTEMPATH\Database\BaseConnection.php(738): CodeIgniter\Database\MySQLi\Connection->execute('INSERT INTO `user_subscription` (`user_id`, `subscriptionplan_id`, `plan_name`, `price`, `start_date`, `end_date`, `status`, `stripe_price_id`, `created_on`, `created_by`, `modify_on`, `modify_by`) VALUES (\'29\', 133, \'plan 9999\', 1600, \'2025-08-01\', \'2025-08-03\', 1, \'\', \'2025-08-01 04:40:46\', \'29\', \'2025-08-01 04:40:46\', \'29\')')
 2 SYSTEMPATH\Database\BaseConnection.php(652): CodeIgniter\Database\BaseConnection->simpleQuery('INSERT INTO `user_subscription` (`user_id`, `subscriptionplan_id`, `plan_name`, `price`, `start_date`, `end_date`, `status`, `stripe_price_id`, `created_on`, `created_by`, `modify_on`, `modify_by`) VALUES (\'29\', 133, \'plan 9999\', 1600, \'2025-08-01\', \'2025-08-03\', 1, \'\', \'2025-08-01 04:40:46\', \'29\', \'2025-08-01 04:40:46\', \'29\')')
 3 SYSTEMPATH\Database\BaseBuilder.php(2345): CodeIgniter\Database\BaseConnection->query('INSERT INTO `user_subscription` (`user_id`, `subscriptionplan_id`, `plan_name`, `price`, `start_date`, `end_date`, `status`, `stripe_price_id`, `created_on`, `created_by`, `modify_on`, `modify_by`) VALUES (:user_id:, :subscriptionplan_id:, :plan_name:, :price:, :start_date:, :end_date:, :status:, :stripe_price_id:, :created_on:, :created_by:, :modify_on:, :modify_by:)', [...], false)
 4 SYSTEMPATH\Model.php(394): CodeIgniter\Database\BaseBuilder->insert()
 5 SYSTEMPATH\BaseModel.php(843): CodeIgniter\Model->doInsert([...])
 6 SYSTEMPATH\Model.php(800): CodeIgniter\BaseModel->insert([...], true)
 7 APPPATH\Controllers\Usersub.php(123): CodeIgniter\Model->insert([...])
 8 SYSTEMPATH\CodeIgniter.php(933): App\Controllers\Usersub->createSubscribe()
 9 SYSTEMPATH\CodeIgniter.php(507): CodeIgniter\CodeIgniter->runController(Object(App\Controllers\Usersub))
10 SYSTEMPATH\CodeIgniter.php(354): CodeIgniter\CodeIgniter->handleRequest(null, Object(Config\Cache), false)
11 SYSTEMPATH\Boot.php(334): CodeIgniter\CodeIgniter->run()
12 SYSTEMPATH\Boot.php(67): CodeIgniter\Boot::runCodeIgniter(Object(CodeIgniter\CodeIgniter))
13 FCPATH\index.php(59): CodeIgniter\Boot::bootWeb(Object(Config\Paths))
CRITICAL - 2025-08-01 04:40:46 --> [Caused by] mysqli_sql_exception: Unknown column 'stripe_price_id' in 'field list'
in SYSTEMPATH\Database\MySQLi\Connection.php on line 327.
 1 SYSTEMPATH\Database\MySQLi\Connection.php(327): mysqli->query('INSERT INTO `user_subscription` (`user_id`, `subscriptionplan_id`, `plan_name`, `price`, `start_date`, `end_date`, `status`, `stripe_price_id`, `created_on`, `created_by`, `modify_on`, `modify_by`) VALUES (\'29\', 133, \'plan 9999\', 1600, \'2025-08-01\', \'2025-08-03\', 1, \'\', \'2025-08-01 04:40:46\', \'29\', \'2025-08-01 04:40:46\', \'29\')', 0)
 2 SYSTEMPATH\Database\BaseConnection.php(738): CodeIgniter\Database\MySQLi\Connection->execute('INSERT INTO `user_subscription` (`user_id`, `subscriptionplan_id`, `plan_name`, `price`, `start_date`, `end_date`, `status`, `stripe_price_id`, `created_on`, `created_by`, `modify_on`, `modify_by`) VALUES (\'29\', 133, \'plan 9999\', 1600, \'2025-08-01\', \'2025-08-03\', 1, \'\', \'2025-08-01 04:40:46\', \'29\', \'2025-08-01 04:40:46\', \'29\')')
 3 SYSTEMPATH\Database\BaseConnection.php(652): CodeIgniter\Database\BaseConnection->simpleQuery('INSERT INTO `user_subscription` (`user_id`, `subscriptionplan_id`, `plan_name`, `price`, `start_date`, `end_date`, `status`, `stripe_price_id`, `created_on`, `created_by`, `modify_on`, `modify_by`) VALUES (\'29\', 133, \'plan 9999\', 1600, \'2025-08-01\', \'2025-08-03\', 1, \'\', \'2025-08-01 04:40:46\', \'29\', \'2025-08-01 04:40:46\', \'29\')')
 4 SYSTEMPATH\Database\BaseBuilder.php(2345): CodeIgniter\Database\BaseConnection->query('INSERT INTO `user_subscription` (`user_id`, `subscriptionplan_id`, `plan_name`, `price`, `start_date`, `end_date`, `status`, `stripe_price_id`, `created_on`, `created_by`, `modify_on`, `modify_by`) VALUES (:user_id:, :subscriptionplan_id:, :plan_name:, :price:, :start_date:, :end_date:, :status:, :stripe_price_id:, :created_on:, :created_by:, :modify_on:, :modify_by:)', [...], false)
 5 SYSTEMPATH\Model.php(394): CodeIgniter\Database\BaseBuilder->insert()
 6 SYSTEMPATH\BaseModel.php(843): CodeIgniter\Model->doInsert([...])
 7 SYSTEMPATH\Model.php(800): CodeIgniter\BaseModel->insert([...], true)
 8 APPPATH\Controllers\Usersub.php(123): CodeIgniter\Model->insert([...])
 9 SYSTEMPATH\CodeIgniter.php(933): App\Controllers\Usersub->createSubscribe()
10 SYSTEMPATH\CodeIgniter.php(507): CodeIgniter\CodeIgniter->runController(Object(App\Controllers\Usersub))
11 SYSTEMPATH\CodeIgniter.php(354): CodeIgniter\CodeIgniter->handleRequest(null, Object(Config\Cache), false)
12 SYSTEMPATH\Boot.php(334): CodeIgniter\CodeIgniter->run()
13 SYSTEMPATH\Boot.php(67): CodeIgniter\Boot::runCodeIgniter(Object(CodeIgniter\CodeIgniter))
14 FCPATH\index.php(59): CodeIgniter\Boot::bootWeb(Object(Config\Paths))
DEBUG - 2025-08-01 04:41:08 --> Session: Class initialized using 'CodeIgniter\Session\Handlers\FileHandler' driver.
WARNING - 2025-08-01 04:41:08 --> [DEPRECATED] Creation of dynamic property App\Controllers\Usersub::$session is deprecated in APPPATH\Controllers\Usersub.php on line 19.
 1 SYSTEMPATH\CodeIgniter.php(903): App\Controllers\Usersub->__construct()
 2 SYSTEMPATH\CodeIgniter.php(498): CodeIgniter\CodeIgniter->createController()
 3 SYSTEMPATH\CodeIgniter.php(354): CodeIgniter\CodeIgniter->handleRequest(null, Object(Config\Cache), false)
 4 SYSTEMPATH\Boot.php(334): CodeIgniter\CodeIgniter->run()
 5 SYSTEMPATH\Boot.php(67): CodeIgniter\Boot::runCodeIgniter(Object(CodeIgniter\CodeIgniter))
 6 FCPATH\index.php(59): CodeIgniter\Boot::bootWeb(Object(Config\Paths))
WARNING - 2025-08-01 04:41:08 --> [DEPRECATED] Creation of dynamic property App\Controllers\Usersub::$input is deprecated in APPPATH\Controllers\Usersub.php on line 20.
 1 SYSTEMPATH\CodeIgniter.php(903): App\Controllers\Usersub->__construct()
 2 SYSTEMPATH\CodeIgniter.php(498): CodeIgniter\CodeIgniter->createController()
 3 SYSTEMPATH\CodeIgniter.php(354): CodeIgniter\CodeIgniter->handleRequest(null, Object(Config\Cache), false)
 4 SYSTEMPATH\Boot.php(334): CodeIgniter\CodeIgniter->run()
 5 SYSTEMPATH\Boot.php(67): CodeIgniter\Boot::runCodeIgniter(Object(CodeIgniter\CodeIgniter))
 6 FCPATH\index.php(59): CodeIgniter\Boot::bootWeb(Object(Config\Paths))
WARNING - 2025-08-01 04:41:08 --> [DEPRECATED] Creation of dynamic property App\Controllers\Usersub::$authService is deprecated in APPPATH\Controllers\Usersub.php on line 21.
 1 SYSTEMPATH\CodeIgniter.php(903): App\Controllers\Usersub->__construct()
 2 SYSTEMPATH\CodeIgniter.php(498): CodeIgniter\CodeIgniter->createController()
 3 SYSTEMPATH\CodeIgniter.php(354): CodeIgniter\CodeIgniter->handleRequest(null, Object(Config\Cache), false)
 4 SYSTEMPATH\Boot.php(334): CodeIgniter\CodeIgniter->run()
 5 SYSTEMPATH\Boot.php(67): CodeIgniter\Boot::runCodeIgniter(Object(CodeIgniter\CodeIgniter))
 6 FCPATH\index.php(59): CodeIgniter\Boot::bootWeb(Object(Config\Paths))
WARNING - 2025-08-01 04:41:08 --> [DEPRECATED] Creation of dynamic property App\Controllers\Usersub::$userModel is deprecated in APPPATH\Controllers\Usersub.php on line 24.
 1 SYSTEMPATH\CodeIgniter.php(903): App\Controllers\Usersub->__construct()
 2 SYSTEMPATH\CodeIgniter.php(498): CodeIgniter\CodeIgniter->createController()
 3 SYSTEMPATH\CodeIgniter.php(354): CodeIgniter\CodeIgniter->handleRequest(null, Object(Config\Cache), false)
 4 SYSTEMPATH\Boot.php(334): CodeIgniter\CodeIgniter->run()
 5 SYSTEMPATH\Boot.php(67): CodeIgniter\Boot::runCodeIgniter(Object(CodeIgniter\CodeIgniter))
 6 FCPATH\index.php(59): CodeIgniter\Boot::bootWeb(Object(Config\Paths))
DEBUG - 2025-08-01 04:51:10 --> Session: Class initialized using 'CodeIgniter\Session\Handlers\FileHandler' driver.
WARNING - 2025-08-01 04:51:10 --> [DEPRECATED] Creation of dynamic property App\Controllers\Usersub::$session is deprecated in APPPATH\Controllers\Usersub.php on line 19.
 1 SYSTEMPATH\CodeIgniter.php(903): App\Controllers\Usersub->__construct()
 2 SYSTEMPATH\CodeIgniter.php(498): CodeIgniter\CodeIgniter->createController()
 3 SYSTEMPATH\CodeIgniter.php(354): CodeIgniter\CodeIgniter->handleRequest(null, Object(Config\Cache), false)
 4 SYSTEMPATH\Boot.php(334): CodeIgniter\CodeIgniter->run()
 5 SYSTEMPATH\Boot.php(67): CodeIgniter\Boot::runCodeIgniter(Object(CodeIgniter\CodeIgniter))
 6 FCPATH\index.php(59): CodeIgniter\Boot::bootWeb(Object(Config\Paths))
WARNING - 2025-08-01 04:51:10 --> [DEPRECATED] Creation of dynamic property App\Controllers\Usersub::$input is deprecated in APPPATH\Controllers\Usersub.php on line 20.
 1 SYSTEMPATH\CodeIgniter.php(903): App\Controllers\Usersub->__construct()
 2 SYSTEMPATH\CodeIgniter.php(498): CodeIgniter\CodeIgniter->createController()
 3 SYSTEMPATH\CodeIgniter.php(354): CodeIgniter\CodeIgniter->handleRequest(null, Object(Config\Cache), false)
 4 SYSTEMPATH\Boot.php(334): CodeIgniter\CodeIgniter->run()
 5 SYSTEMPATH\Boot.php(67): CodeIgniter\Boot::runCodeIgniter(Object(CodeIgniter\CodeIgniter))
 6 FCPATH\index.php(59): CodeIgniter\Boot::bootWeb(Object(Config\Paths))
WARNING - 2025-08-01 04:51:10 --> [DEPRECATED] Creation of dynamic property App\Controllers\Usersub::$authService is deprecated in APPPATH\Controllers\Usersub.php on line 21.
 1 SYSTEMPATH\CodeIgniter.php(903): App\Controllers\Usersub->__construct()
 2 SYSTEMPATH\CodeIgniter.php(498): CodeIgniter\CodeIgniter->createController()
 3 SYSTEMPATH\CodeIgniter.php(354): CodeIgniter\CodeIgniter->handleRequest(null, Object(Config\Cache), false)
 4 SYSTEMPATH\Boot.php(334): CodeIgniter\CodeIgniter->run()
 5 SYSTEMPATH\Boot.php(67): CodeIgniter\Boot::runCodeIgniter(Object(CodeIgniter\CodeIgniter))
 6 FCPATH\index.php(59): CodeIgniter\Boot::bootWeb(Object(Config\Paths))
WARNING - 2025-08-01 04:51:10 --> [DEPRECATED] Creation of dynamic property App\Controllers\Usersub::$userModel is deprecated in APPPATH\Controllers\Usersub.php on line 24.
 1 SYSTEMPATH\CodeIgniter.php(903): App\Controllers\Usersub->__construct()
 2 SYSTEMPATH\CodeIgniter.php(498): CodeIgniter\CodeIgniter->createController()
 3 SYSTEMPATH\CodeIgniter.php(354): CodeIgniter\CodeIgniter->handleRequest(null, Object(Config\Cache), false)
 4 SYSTEMPATH\Boot.php(334): CodeIgniter\CodeIgniter->run()
 5 SYSTEMPATH\Boot.php(67): CodeIgniter\Boot::runCodeIgniter(Object(CodeIgniter\CodeIgniter))
 6 FCPATH\index.php(59): CodeIgniter\Boot::bootWeb(Object(Config\Paths))
DEBUG - 2025-08-01 04:51:31 --> Session: Class initialized using 'CodeIgniter\Session\Handlers\FileHandler' driver.
WARNING - 2025-08-01 04:51:31 --> [DEPRECATED] Creation of dynamic property App\Controllers\Usersub::$session is deprecated in APPPATH\Controllers\Usersub.php on line 19.
 1 SYSTEMPATH\CodeIgniter.php(903): App\Controllers\Usersub->__construct()
 2 SYSTEMPATH\CodeIgniter.php(498): CodeIgniter\CodeIgniter->createController()
 3 SYSTEMPATH\CodeIgniter.php(354): CodeIgniter\CodeIgniter->handleRequest(null, Object(Config\Cache), false)
 4 SYSTEMPATH\Boot.php(334): CodeIgniter\CodeIgniter->run()
 5 SYSTEMPATH\Boot.php(67): CodeIgniter\Boot::runCodeIgniter(Object(CodeIgniter\CodeIgniter))
 6 FCPATH\index.php(59): CodeIgniter\Boot::bootWeb(Object(Config\Paths))
WARNING - 2025-08-01 04:51:31 --> [DEPRECATED] Creation of dynamic property App\Controllers\Usersub::$input is deprecated in APPPATH\Controllers\Usersub.php on line 20.
 1 SYSTEMPATH\CodeIgniter.php(903): App\Controllers\Usersub->__construct()
 2 SYSTEMPATH\CodeIgniter.php(498): CodeIgniter\CodeIgniter->createController()
 3 SYSTEMPATH\CodeIgniter.php(354): CodeIgniter\CodeIgniter->handleRequest(null, Object(Config\Cache), false)
 4 SYSTEMPATH\Boot.php(334): CodeIgniter\CodeIgniter->run()
 5 SYSTEMPATH\Boot.php(67): CodeIgniter\Boot::runCodeIgniter(Object(CodeIgniter\CodeIgniter))
 6 FCPATH\index.php(59): CodeIgniter\Boot::bootWeb(Object(Config\Paths))
WARNING - 2025-08-01 04:51:31 --> [DEPRECATED] Creation of dynamic property App\Controllers\Usersub::$authService is deprecated in APPPATH\Controllers\Usersub.php on line 21.
 1 SYSTEMPATH\CodeIgniter.php(903): App\Controllers\Usersub->__construct()
 2 SYSTEMPATH\CodeIgniter.php(498): CodeIgniter\CodeIgniter->createController()
 3 SYSTEMPATH\CodeIgniter.php(354): CodeIgniter\CodeIgniter->handleRequest(null, Object(Config\Cache), false)
 4 SYSTEMPATH\Boot.php(334): CodeIgniter\CodeIgniter->run()
 5 SYSTEMPATH\Boot.php(67): CodeIgniter\Boot::runCodeIgniter(Object(CodeIgniter\CodeIgniter))
 6 FCPATH\index.php(59): CodeIgniter\Boot::bootWeb(Object(Config\Paths))
WARNING - 2025-08-01 04:51:31 --> [DEPRECATED] Creation of dynamic property App\Controllers\Usersub::$userModel is deprecated in APPPATH\Controllers\Usersub.php on line 24.
 1 SYSTEMPATH\CodeIgniter.php(903): App\Controllers\Usersub->__construct()
 2 SYSTEMPATH\CodeIgniter.php(498): CodeIgniter\CodeIgniter->createController()
 3 SYSTEMPATH\CodeIgniter.php(354): CodeIgniter\CodeIgniter->handleRequest(null, Object(Config\Cache), false)
 4 SYSTEMPATH\Boot.php(334): CodeIgniter\CodeIgniter->run()
 5 SYSTEMPATH\Boot.php(67): CodeIgniter\Boot::runCodeIgniter(Object(CodeIgniter\CodeIgniter))
 6 FCPATH\index.php(59): CodeIgniter\Boot::bootWeb(Object(Config\Paths))
DEBUG - 2025-08-01 04:51:53 --> Session: Class initialized using 'CodeIgniter\Session\Handlers\FileHandler' driver.
WARNING - 2025-08-01 04:51:53 --> [DEPRECATED] Creation of dynamic property App\Controllers\Usersub::$session is deprecated in APPPATH\Controllers\Usersub.php on line 19.
 1 SYSTEMPATH\CodeIgniter.php(903): App\Controllers\Usersub->__construct()
 2 SYSTEMPATH\CodeIgniter.php(498): CodeIgniter\CodeIgniter->createController()
 3 SYSTEMPATH\CodeIgniter.php(354): CodeIgniter\CodeIgniter->handleRequest(null, Object(Config\Cache), false)
 4 SYSTEMPATH\Boot.php(334): CodeIgniter\CodeIgniter->run()
 5 SYSTEMPATH\Boot.php(67): CodeIgniter\Boot::runCodeIgniter(Object(CodeIgniter\CodeIgniter))
 6 FCPATH\index.php(59): CodeIgniter\Boot::bootWeb(Object(Config\Paths))
WARNING - 2025-08-01 04:51:53 --> [DEPRECATED] Creation of dynamic property App\Controllers\Usersub::$input is deprecated in APPPATH\Controllers\Usersub.php on line 20.
 1 SYSTEMPATH\CodeIgniter.php(903): App\Controllers\Usersub->__construct()
 2 SYSTEMPATH\CodeIgniter.php(498): CodeIgniter\CodeIgniter->createController()
 3 SYSTEMPATH\CodeIgniter.php(354): CodeIgniter\CodeIgniter->handleRequest(null, Object(Config\Cache), false)
 4 SYSTEMPATH\Boot.php(334): CodeIgniter\CodeIgniter->run()
 5 SYSTEMPATH\Boot.php(67): CodeIgniter\Boot::runCodeIgniter(Object(CodeIgniter\CodeIgniter))
 6 FCPATH\index.php(59): CodeIgniter\Boot::bootWeb(Object(Config\Paths))
WARNING - 2025-08-01 04:51:53 --> [DEPRECATED] Creation of dynamic property App\Controllers\Usersub::$authService is deprecated in APPPATH\Controllers\Usersub.php on line 21.
 1 SYSTEMPATH\CodeIgniter.php(903): App\Controllers\Usersub->__construct()
 2 SYSTEMPATH\CodeIgniter.php(498): CodeIgniter\CodeIgniter->createController()
 3 SYSTEMPATH\CodeIgniter.php(354): CodeIgniter\CodeIgniter->handleRequest(null, Object(Config\Cache), false)
 4 SYSTEMPATH\Boot.php(334): CodeIgniter\CodeIgniter->run()
 5 SYSTEMPATH\Boot.php(67): CodeIgniter\Boot::runCodeIgniter(Object(CodeIgniter\CodeIgniter))
 6 FCPATH\index.php(59): CodeIgniter\Boot::bootWeb(Object(Config\Paths))
WARNING - 2025-08-01 04:51:53 --> [DEPRECATED] Creation of dynamic property App\Controllers\Usersub::$userModel is deprecated in APPPATH\Controllers\Usersub.php on line 24.
 1 SYSTEMPATH\CodeIgniter.php(903): App\Controllers\Usersub->__construct()
 2 SYSTEMPATH\CodeIgniter.php(498): CodeIgniter\CodeIgniter->createController()
 3 SYSTEMPATH\CodeIgniter.php(354): CodeIgniter\CodeIgniter->handleRequest(null, Object(Config\Cache), false)
 4 SYSTEMPATH\Boot.php(334): CodeIgniter\CodeIgniter->run()
 5 SYSTEMPATH\Boot.php(67): CodeIgniter\Boot::runCodeIgniter(Object(CodeIgniter\CodeIgniter))
 6 FCPATH\index.php(59): CodeIgniter\Boot::bootWeb(Object(Config\Paths))
ERROR - 2025-08-01 04:51:53 --> mysqli_sql_exception: Unknown column 'stripe_price_id' in 'field list' in C:\xampp\htdocs\Cukkuboo_BE\cukkuboo-php\system\Database\MySQLi\Connection.php:327
Stack trace:
#0 C:\xampp\htdocs\Cukkuboo_BE\cukkuboo-php\system\Database\MySQLi\Connection.php(327): mysqli->query('INSERT INTO `us...', 0)
#1 C:\xampp\htdocs\Cukkuboo_BE\cukkuboo-php\system\Database\BaseConnection.php(738): CodeIgniter\Database\MySQLi\Connection->execute('INSERT INTO `us...')
#2 C:\xampp\htdocs\Cukkuboo_BE\cukkuboo-php\system\Database\BaseConnection.php(652): CodeIgniter\Database\BaseConnection->simpleQuery('INSERT INTO `us...')
#3 C:\xampp\htdocs\Cukkuboo_BE\cukkuboo-php\system\Database\BaseBuilder.php(2345): CodeIgniter\Database\BaseConnection->query('INSERT INTO `us...', Array, false)
#4 C:\xampp\htdocs\Cukkuboo_BE\cukkuboo-php\system\Model.php(394): CodeIgniter\Database\BaseBuilder->insert()
#5 C:\xampp\htdocs\Cukkuboo_BE\cukkuboo-php\system\BaseModel.php(843): CodeIgniter\Model->doInsert(Array)
#6 C:\xampp\htdocs\Cukkuboo_BE\cukkuboo-php\system\Model.php(800): CodeIgniter\BaseModel->insert(Array, true)
#7 C:\xampp\htdocs\Cukkuboo_BE\cukkuboo-php\app\Controllers\Usersub.php(125): CodeIgniter\Model->insert(Array)
#8 C:\xampp\htdocs\Cukkuboo_BE\cukkuboo-php\system\CodeIgniter.php(933): App\Controllers\Usersub->createSubscribe()
#9 C:\xampp\htdocs\Cukkuboo_BE\cukkuboo-php\system\CodeIgniter.php(507): CodeIgniter\CodeIgniter->runController(Object(App\Controllers\Usersub))
#10 C:\xampp\htdocs\Cukkuboo_BE\cukkuboo-php\system\CodeIgniter.php(354): CodeIgniter\CodeIgniter->handleRequest(NULL, Object(Config\Cache), false)
#11 C:\xampp\htdocs\Cukkuboo_BE\cukkuboo-php\system\Boot.php(334): CodeIgniter\CodeIgniter->run()
#12 C:\xampp\htdocs\Cukkuboo_BE\cukkuboo-php\system\Boot.php(67): CodeIgniter\Boot::runCodeIgniter(Object(CodeIgniter\CodeIgniter))
#13 C:\xampp\htdocs\Cukkuboo_BE\cukkuboo-php\index.php(59): CodeIgniter\Boot::bootWeb(Object(Config\Paths))
#14 {main}
CRITICAL - 2025-08-01 04:51:53 --> CodeIgniter\Database\Exceptions\DatabaseException: Unknown column 'stripe_price_id' in 'field list'
[Method: POST, Route: usersub/save]
in SYSTEMPATH\Database\BaseConnection.php on line 692.
 1 SYSTEMPATH\Database\BaseBuilder.php(2345): CodeIgniter\Database\BaseConnection->query('INSERT INTO `user_subscription` (`user_id`, `subscriptionplan_id`, `plan_name`, `price`, `start_date`, `end_date`, `status`, `stripe_price_id`, `created_on`, `created_by`, `modify_on`, `modify_by`) VALUES (:user_id:, :subscriptionplan_id:, :plan_name:, :price:, :start_date:, :end_date:, :status:, :stripe_price_id:, :created_on:, :created_by:, :modify_on:, :modify_by:)', [...], false)
 2 SYSTEMPATH\Model.php(394): CodeIgniter\Database\BaseBuilder->insert()
 3 SYSTEMPATH\BaseModel.php(843): CodeIgniter\Model->doInsert([...])
 4 SYSTEMPATH\Model.php(800): CodeIgniter\BaseModel->insert([...], true)
 5 APPPATH\Controllers\Usersub.php(125): CodeIgniter\Model->insert([...])
 6 SYSTEMPATH\CodeIgniter.php(933): App\Controllers\Usersub->createSubscribe()
 7 SYSTEMPATH\CodeIgniter.php(507): CodeIgniter\CodeIgniter->runController(Object(App\Controllers\Usersub))
 8 SYSTEMPATH\CodeIgniter.php(354): CodeIgniter\CodeIgniter->handleRequest(null, Object(Config\Cache), false)
 9 SYSTEMPATH\Boot.php(334): CodeIgniter\CodeIgniter->run()
10 SYSTEMPATH\Boot.php(67): CodeIgniter\Boot::runCodeIgniter(Object(CodeIgniter\CodeIgniter))
11 FCPATH\index.php(59): CodeIgniter\Boot::bootWeb(Object(Config\Paths))
CRITICAL - 2025-08-01 04:51:53 --> [Caused by] CodeIgniter\Database\Exceptions\DatabaseException: Unknown column 'stripe_price_id' in 'field list'
in SYSTEMPATH\Database\MySQLi\Connection.php on line 332.
 1 SYSTEMPATH\Database\BaseConnection.php(738): CodeIgniter\Database\MySQLi\Connection->execute('INSERT INTO `user_subscription` (`user_id`, `subscriptionplan_id`, `plan_name`, `price`, `start_date`, `end_date`, `status`, `stripe_price_id`, `created_on`, `created_by`, `modify_on`, `modify_by`) VALUES (\'29\', 76, \'3 days\', 10, \'2025-08-01\', \'2025-08-04\', 1, \'price_1RoL9EAO6Wc6MO0EkUOWFnmE\', \'2025-08-01 04:51:53\', \'29\', \'2025-08-01 04:51:53\', \'29\')')
 2 SYSTEMPATH\Database\BaseConnection.php(652): CodeIgniter\Database\BaseConnection->simpleQuery('INSERT INTO `user_subscription` (`user_id`, `subscriptionplan_id`, `plan_name`, `price`, `start_date`, `end_date`, `status`, `stripe_price_id`, `created_on`, `created_by`, `modify_on`, `modify_by`) VALUES (\'29\', 76, \'3 days\', 10, \'2025-08-01\', \'2025-08-04\', 1, \'price_1RoL9EAO6Wc6MO0EkUOWFnmE\', \'2025-08-01 04:51:53\', \'29\', \'2025-08-01 04:51:53\', \'29\')')
 3 SYSTEMPATH\Database\BaseBuilder.php(2345): CodeIgniter\Database\BaseConnection->query('INSERT INTO `user_subscription` (`user_id`, `subscriptionplan_id`, `plan_name`, `price`, `start_date`, `end_date`, `status`, `stripe_price_id`, `created_on`, `created_by`, `modify_on`, `modify_by`) VALUES (:user_id:, :subscriptionplan_id:, :plan_name:, :price:, :start_date:, :end_date:, :status:, :stripe_price_id:, :created_on:, :created_by:, :modify_on:, :modify_by:)', [...], false)
 4 SYSTEMPATH\Model.php(394): CodeIgniter\Database\BaseBuilder->insert()
 5 SYSTEMPATH\BaseModel.php(843): CodeIgniter\Model->doInsert([...])
 6 SYSTEMPATH\Model.php(800): CodeIgniter\BaseModel->insert([...], true)
 7 APPPATH\Controllers\Usersub.php(125): CodeIgniter\Model->insert([...])
 8 SYSTEMPATH\CodeIgniter.php(933): App\Controllers\Usersub->createSubscribe()
 9 SYSTEMPATH\CodeIgniter.php(507): CodeIgniter\CodeIgniter->runController(Object(App\Controllers\Usersub))
10 SYSTEMPATH\CodeIgniter.php(354): CodeIgniter\CodeIgniter->handleRequest(null, Object(Config\Cache), false)
11 SYSTEMPATH\Boot.php(334): CodeIgniter\CodeIgniter->run()
12 SYSTEMPATH\Boot.php(67): CodeIgniter\Boot::runCodeIgniter(Object(CodeIgniter\CodeIgniter))
13 FCPATH\index.php(59): CodeIgniter\Boot::bootWeb(Object(Config\Paths))
CRITICAL - 2025-08-01 04:51:53 --> [Caused by] mysqli_sql_exception: Unknown column 'stripe_price_id' in 'field list'
in SYSTEMPATH\Database\MySQLi\Connection.php on line 327.
 1 SYSTEMPATH\Database\MySQLi\Connection.php(327): mysqli->query('INSERT INTO `user_subscription` (`user_id`, `subscriptionplan_id`, `plan_name`, `price`, `start_date`, `end_date`, `status`, `stripe_price_id`, `created_on`, `created_by`, `modify_on`, `modify_by`) VALUES (\'29\', 76, \'3 days\', 10, \'2025-08-01\', \'2025-08-04\', 1, \'price_1RoL9EAO6Wc6MO0EkUOWFnmE\', \'2025-08-01 04:51:53\', \'29\', \'2025-08-01 04:51:53\', \'29\')', 0)
 2 SYSTEMPATH\Database\BaseConnection.php(738): CodeIgniter\Database\MySQLi\Connection->execute('INSERT INTO `user_subscription` (`user_id`, `subscriptionplan_id`, `plan_name`, `price`, `start_date`, `end_date`, `status`, `stripe_price_id`, `created_on`, `created_by`, `modify_on`, `modify_by`) VALUES (\'29\', 76, \'3 days\', 10, \'2025-08-01\', \'2025-08-04\', 1, \'price_1RoL9EAO6Wc6MO0EkUOWFnmE\', \'2025-08-01 04:51:53\', \'29\', \'2025-08-01 04:51:53\', \'29\')')
 3 SYSTEMPATH\Database\BaseConnection.php(652): CodeIgniter\Database\BaseConnection->simpleQuery('INSERT INTO `user_subscription` (`user_id`, `subscriptionplan_id`, `plan_name`, `price`, `start_date`, `end_date`, `status`, `stripe_price_id`, `created_on`, `created_by`, `modify_on`, `modify_by`) VALUES (\'29\', 76, \'3 days\', 10, \'2025-08-01\', \'2025-08-04\', 1, \'price_1RoL9EAO6Wc6MO0EkUOWFnmE\', \'2025-08-01 04:51:53\', \'29\', \'2025-08-01 04:51:53\', \'29\')')
 4 SYSTEMPATH\Database\BaseBuilder.php(2345): CodeIgniter\Database\BaseConnection->query('INSERT INTO `user_subscription` (`user_id`, `subscriptionplan_id`, `plan_name`, `price`, `start_date`, `end_date`, `status`, `stripe_price_id`, `created_on`, `created_by`, `modify_on`, `modify_by`) VALUES (:user_id:, :subscriptionplan_id:, :plan_name:, :price:, :start_date:, :end_date:, :status:, :stripe_price_id:, :created_on:, :created_by:, :modify_on:, :modify_by:)', [...], false)
 5 SYSTEMPATH\Model.php(394): CodeIgniter\Database\BaseBuilder->insert()
 6 SYSTEMPATH\BaseModel.php(843): CodeIgniter\Model->doInsert([...])
 7 SYSTEMPATH\Model.php(800): CodeIgniter\BaseModel->insert([...], true)
 8 APPPATH\Controllers\Usersub.php(125): CodeIgniter\Model->insert([...])
 9 SYSTEMPATH\CodeIgniter.php(933): App\Controllers\Usersub->createSubscribe()
10 SYSTEMPATH\CodeIgniter.php(507): CodeIgniter\CodeIgniter->runController(Object(App\Controllers\Usersub))
11 SYSTEMPATH\CodeIgniter.php(354): CodeIgniter\CodeIgniter->handleRequest(null, Object(Config\Cache), false)
12 SYSTEMPATH\Boot.php(334): CodeIgniter\CodeIgniter->run()
13 SYSTEMPATH\Boot.php(67): CodeIgniter\Boot::runCodeIgniter(Object(CodeIgniter\CodeIgniter))
14 FCPATH\index.php(59): CodeIgniter\Boot::bootWeb(Object(Config\Paths))
DEBUG - 2025-08-01 04:52:23 --> Session: Class initialized using 'CodeIgniter\Session\Handlers\FileHandler' driver.
WARNING - 2025-08-01 04:52:23 --> [DEPRECATED] Creation of dynamic property App\Controllers\Usersub::$session is deprecated in APPPATH\Controllers\Usersub.php on line 19.
 1 SYSTEMPATH\CodeIgniter.php(903): App\Controllers\Usersub->__construct()
 2 SYSTEMPATH\CodeIgniter.php(498): CodeIgniter\CodeIgniter->createController()
 3 SYSTEMPATH\CodeIgniter.php(354): CodeIgniter\CodeIgniter->handleRequest(null, Object(Config\Cache), false)
 4 SYSTEMPATH\Boot.php(334): CodeIgniter\CodeIgniter->run()
 5 SYSTEMPATH\Boot.php(67): CodeIgniter\Boot::runCodeIgniter(Object(CodeIgniter\CodeIgniter))
 6 FCPATH\index.php(59): CodeIgniter\Boot::bootWeb(Object(Config\Paths))
WARNING - 2025-08-01 04:52:23 --> [DEPRECATED] Creation of dynamic property App\Controllers\Usersub::$input is deprecated in APPPATH\Controllers\Usersub.php on line 20.
 1 SYSTEMPATH\CodeIgniter.php(903): App\Controllers\Usersub->__construct()
 2 SYSTEMPATH\CodeIgniter.php(498): CodeIgniter\CodeIgniter->createController()
 3 SYSTEMPATH\CodeIgniter.php(354): CodeIgniter\CodeIgniter->handleRequest(null, Object(Config\Cache), false)
 4 SYSTEMPATH\Boot.php(334): CodeIgniter\CodeIgniter->run()
 5 SYSTEMPATH\Boot.php(67): CodeIgniter\Boot::runCodeIgniter(Object(CodeIgniter\CodeIgniter))
 6 FCPATH\index.php(59): CodeIgniter\Boot::bootWeb(Object(Config\Paths))
WARNING - 2025-08-01 04:52:23 --> [DEPRECATED] Creation of dynamic property App\Controllers\Usersub::$authService is deprecated in APPPATH\Controllers\Usersub.php on line 21.
 1 SYSTEMPATH\CodeIgniter.php(903): App\Controllers\Usersub->__construct()
 2 SYSTEMPATH\CodeIgniter.php(498): CodeIgniter\CodeIgniter->createController()
 3 SYSTEMPATH\CodeIgniter.php(354): CodeIgniter\CodeIgniter->handleRequest(null, Object(Config\Cache), false)
 4 SYSTEMPATH\Boot.php(334): CodeIgniter\CodeIgniter->run()
 5 SYSTEMPATH\Boot.php(67): CodeIgniter\Boot::runCodeIgniter(Object(CodeIgniter\CodeIgniter))
 6 FCPATH\index.php(59): CodeIgniter\Boot::bootWeb(Object(Config\Paths))
WARNING - 2025-08-01 04:52:23 --> [DEPRECATED] Creation of dynamic property App\Controllers\Usersub::$userModel is deprecated in APPPATH\Controllers\Usersub.php on line 24.
 1 SYSTEMPATH\CodeIgniter.php(903): App\Controllers\Usersub->__construct()
 2 SYSTEMPATH\CodeIgniter.php(498): CodeIgniter\CodeIgniter->createController()
 3 SYSTEMPATH\CodeIgniter.php(354): CodeIgniter\CodeIgniter->handleRequest(null, Object(Config\Cache), false)
 4 SYSTEMPATH\Boot.php(334): CodeIgniter\CodeIgniter->run()
 5 SYSTEMPATH\Boot.php(67): CodeIgniter\Boot::runCodeIgniter(Object(CodeIgniter\CodeIgniter))
 6 FCPATH\index.php(59): CodeIgniter\Boot::bootWeb(Object(Config\Paths))
ERROR - 2025-08-01 04:52:24 --> mysqli_sql_exception: Unknown column 'stripe_price_id' in 'field list' in C:\xampp\htdocs\Cukkuboo_BE\cukkuboo-php\system\Database\MySQLi\Connection.php:327
Stack trace:
#0 C:\xampp\htdocs\Cukkuboo_BE\cukkuboo-php\system\Database\MySQLi\Connection.php(327): mysqli->query('INSERT INTO `us...', 0)
#1 C:\xampp\htdocs\Cukkuboo_BE\cukkuboo-php\system\Database\BaseConnection.php(738): CodeIgniter\Database\MySQLi\Connection->execute('INSERT INTO `us...')
#2 C:\xampp\htdocs\Cukkuboo_BE\cukkuboo-php\system\Database\BaseConnection.php(652): CodeIgniter\Database\BaseConnection->simpleQuery('INSERT INTO `us...')
#3 C:\xampp\htdocs\Cukkuboo_BE\cukkuboo-php\system\Database\BaseBuilder.php(2345): CodeIgniter\Database\BaseConnection->query('INSERT INTO `us...', Array, false)
#4 C:\xampp\htdocs\Cukkuboo_BE\cukkuboo-php\system\Model.php(394): CodeIgniter\Database\BaseBuilder->insert()
#5 C:\xampp\htdocs\Cukkuboo_BE\cukkuboo-php\system\BaseModel.php(843): CodeIgniter\Model->doInsert(Array)
#6 C:\xampp\htdocs\Cukkuboo_BE\cukkuboo-php\system\Model.php(800): CodeIgniter\BaseModel->insert(Array, true)
#7 C:\xampp\htdocs\Cukkuboo_BE\cukkuboo-php\app\Controllers\Usersub.php(125): CodeIgniter\Model->insert(Array)
#8 C:\xampp\htdocs\Cukkuboo_BE\cukkuboo-php\system\CodeIgniter.php(933): App\Controllers\Usersub->createSubscribe()
#9 C:\xampp\htdocs\Cukkuboo_BE\cukkuboo-php\system\CodeIgniter.php(507): CodeIgniter\CodeIgniter->runController(Object(App\Controllers\Usersub))
#10 C:\xampp\htdocs\Cukkuboo_BE\cukkuboo-php\system\CodeIgniter.php(354): CodeIgniter\CodeIgniter->handleRequest(NULL, Object(Config\Cache), false)
#11 C:\xampp\htdocs\Cukkuboo_BE\cukkuboo-php\system\Boot.php(334): CodeIgniter\CodeIgniter->run()
#12 C:\xampp\htdocs\Cukkuboo_BE\cukkuboo-php\system\Boot.php(67): CodeIgniter\Boot::runCodeIgniter(Object(CodeIgniter\CodeIgniter))
#13 C:\xampp\htdocs\Cukkuboo_BE\cukkuboo-php\index.php(59): CodeIgniter\Boot::bootWeb(Object(Config\Paths))
#14 {main}
CRITICAL - 2025-08-01 04:52:24 --> CodeIgniter\Database\Exceptions\DatabaseException: Unknown column 'stripe_price_id' in 'field list'
[Method: POST, Route: usersub/save]
in SYSTEMPATH\Database\BaseConnection.php on line 692.
 1 SYSTEMPATH\Database\BaseBuilder.php(2345): CodeIgniter\Database\BaseConnection->query('INSERT INTO `user_subscription` (`user_id`, `subscriptionplan_id`, `plan_name`, `price`, `start_date`, `end_date`, `status`, `stripe_price_id`, `created_on`, `created_by`, `modify_on`, `modify_by`) VALUES (:user_id:, :subscriptionplan_id:, :plan_name:, :price:, :start_date:, :end_date:, :status:, :stripe_price_id:, :created_on:, :created_by:, :modify_on:, :modify_by:)', [...], false)
 2 SYSTEMPATH\Model.php(394): CodeIgniter\Database\BaseBuilder->insert()
 3 SYSTEMPATH\BaseModel.php(843): CodeIgniter\Model->doInsert([...])
 4 SYSTEMPATH\Model.php(800): CodeIgniter\BaseModel->insert([...], true)
 5 APPPATH\Controllers\Usersub.php(125): CodeIgniter\Model->insert([...])
 6 SYSTEMPATH\CodeIgniter.php(933): App\Controllers\Usersub->createSubscribe()
 7 SYSTEMPATH\CodeIgniter.php(507): CodeIgniter\CodeIgniter->runController(Object(App\Controllers\Usersub))
 8 SYSTEMPATH\CodeIgniter.php(354): CodeIgniter\CodeIgniter->handleRequest(null, Object(Config\Cache), false)
 9 SYSTEMPATH\Boot.php(334): CodeIgniter\CodeIgniter->run()
10 SYSTEMPATH\Boot.php(67): CodeIgniter\Boot::runCodeIgniter(Object(CodeIgniter\CodeIgniter))
11 FCPATH\index.php(59): CodeIgniter\Boot::bootWeb(Object(Config\Paths))
CRITICAL - 2025-08-01 04:52:24 --> [Caused by] CodeIgniter\Database\Exceptions\DatabaseException: Unknown column 'stripe_price_id' in 'field list'
in SYSTEMPATH\Database\MySQLi\Connection.php on line 332.
 1 SYSTEMPATH\Database\BaseConnection.php(738): CodeIgniter\Database\MySQLi\Connection->execute('INSERT INTO `user_subscription` (`user_id`, `subscriptionplan_id`, `plan_name`, `price`, `start_date`, `end_date`, `status`, `stripe_price_id`, `created_on`, `created_by`, `modify_on`, `modify_by`) VALUES (\'29\', 76, \'3 days\', 10, \'2025-08-01\', \'2025-08-04\', 1, NULL, \'2025-08-01 04:52:24\', \'29\', \'2025-08-01 04:52:24\', \'29\')')
 2 SYSTEMPATH\Database\BaseConnection.php(652): CodeIgniter\Database\BaseConnection->simpleQuery('INSERT INTO `user_subscription` (`user_id`, `subscriptionplan_id`, `plan_name`, `price`, `start_date`, `end_date`, `status`, `stripe_price_id`, `created_on`, `created_by`, `modify_on`, `modify_by`) VALUES (\'29\', 76, \'3 days\', 10, \'2025-08-01\', \'2025-08-04\', 1, NULL, \'2025-08-01 04:52:24\', \'29\', \'2025-08-01 04:52:24\', \'29\')')
 3 SYSTEMPATH\Database\BaseBuilder.php(2345): CodeIgniter\Database\BaseConnection->query('INSERT INTO `user_subscription` (`user_id`, `subscriptionplan_id`, `plan_name`, `price`, `start_date`, `end_date`, `status`, `stripe_price_id`, `created_on`, `created_by`, `modify_on`, `modify_by`) VALUES (:user_id:, :subscriptionplan_id:, :plan_name:, :price:, :start_date:, :end_date:, :status:, :stripe_price_id:, :created_on:, :created_by:, :modify_on:, :modify_by:)', [...], false)
 4 SYSTEMPATH\Model.php(394): CodeIgniter\Database\BaseBuilder->insert()
 5 SYSTEMPATH\BaseModel.php(843): CodeIgniter\Model->doInsert([...])
 6 SYSTEMPATH\Model.php(800): CodeIgniter\BaseModel->insert([...], true)
 7 APPPATH\Controllers\Usersub.php(125): CodeIgniter\Model->insert([...])
 8 SYSTEMPATH\CodeIgniter.php(933): App\Controllers\Usersub->createSubscribe()
 9 SYSTEMPATH\CodeIgniter.php(507): CodeIgniter\CodeIgniter->runController(Object(App\Controllers\Usersub))
10 SYSTEMPATH\CodeIgniter.php(354): CodeIgniter\CodeIgniter->handleRequest(null, Object(Config\Cache), false)
11 SYSTEMPATH\Boot.php(334): CodeIgniter\CodeIgniter->run()
12 SYSTEMPATH\Boot.php(67): CodeIgniter\Boot::runCodeIgniter(Object(CodeIgniter\CodeIgniter))
13 FCPATH\index.php(59): CodeIgniter\Boot::bootWeb(Object(Config\Paths))
CRITICAL - 2025-08-01 04:52:24 --> [Caused by] mysqli_sql_exception: Unknown column 'stripe_price_id' in 'field list'
in SYSTEMPATH\Database\MySQLi\Connection.php on line 327.
 1 SYSTEMPATH\Database\MySQLi\Connection.php(327): mysqli->query('INSERT INTO `user_subscription` (`user_id`, `subscriptionplan_id`, `plan_name`, `price`, `start_date`, `end_date`, `status`, `stripe_price_id`, `created_on`, `created_by`, `modify_on`, `modify_by`) VALUES (\'29\', 76, \'3 days\', 10, \'2025-08-01\', \'2025-08-04\', 1, NULL, \'2025-08-01 04:52:24\', \'29\', \'2025-08-01 04:52:24\', \'29\')', 0)
 2 SYSTEMPATH\Database\BaseConnection.php(738): CodeIgniter\Database\MySQLi\Connection->execute('INSERT INTO `user_subscription` (`user_id`, `subscriptionplan_id`, `plan_name`, `price`, `start_date`, `end_date`, `status`, `stripe_price_id`, `created_on`, `created_by`, `modify_on`, `modify_by`) VALUES (\'29\', 76, \'3 days\', 10, \'2025-08-01\', \'2025-08-04\', 1, NULL, \'2025-08-01 04:52:24\', \'29\', \'2025-08-01 04:52:24\', \'29\')')
 3 SYSTEMPATH\Database\BaseConnection.php(652): CodeIgniter\Database\BaseConnection->simpleQuery('INSERT INTO `user_subscription` (`user_id`, `subscriptionplan_id`, `plan_name`, `price`, `start_date`, `end_date`, `status`, `stripe_price_id`, `created_on`, `created_by`, `modify_on`, `modify_by`) VALUES (\'29\', 76, \'3 days\', 10, \'2025-08-01\', \'2025-08-04\', 1, NULL, \'2025-08-01 04:52:24\', \'29\', \'2025-08-01 04:52:24\', \'29\')')
 4 SYSTEMPATH\Database\BaseBuilder.php(2345): CodeIgniter\Database\BaseConnection->query('INSERT INTO `user_subscription` (`user_id`, `subscriptionplan_id`, `plan_name`, `price`, `start_date`, `end_date`, `status`, `stripe_price_id`, `created_on`, `created_by`, `modify_on`, `modify_by`) VALUES (:user_id:, :subscriptionplan_id:, :plan_name:, :price:, :start_date:, :end_date:, :status:, :stripe_price_id:, :created_on:, :created_by:, :modify_on:, :modify_by:)', [...], false)
 5 SYSTEMPATH\Model.php(394): CodeIgniter\Database\BaseBuilder->insert()
 6 SYSTEMPATH\BaseModel.php(843): CodeIgniter\Model->doInsert([...])
 7 SYSTEMPATH\Model.php(800): CodeIgniter\BaseModel->insert([...], true)
 8 APPPATH\Controllers\Usersub.php(125): CodeIgniter\Model->insert([...])
 9 SYSTEMPATH\CodeIgniter.php(933): App\Controllers\Usersub->createSubscribe()
10 SYSTEMPATH\CodeIgniter.php(507): CodeIgniter\CodeIgniter->runController(Object(App\Controllers\Usersub))
11 SYSTEMPATH\CodeIgniter.php(354): CodeIgniter\CodeIgniter->handleRequest(null, Object(Config\Cache), false)
12 SYSTEMPATH\Boot.php(334): CodeIgniter\CodeIgniter->run()
13 SYSTEMPATH\Boot.php(67): CodeIgniter\Boot::runCodeIgniter(Object(CodeIgniter\CodeIgniter))
14 FCPATH\index.php(59): CodeIgniter\Boot::bootWeb(Object(Config\Paths))
DEBUG - 2025-08-01 04:52:52 --> Session: Class initialized using 'CodeIgniter\Session\Handlers\FileHandler' driver.
WARNING - 2025-08-01 04:52:52 --> [DEPRECATED] Creation of dynamic property App\Controllers\Usersub::$session is deprecated in APPPATH\Controllers\Usersub.php on line 19.
 1 SYSTEMPATH\CodeIgniter.php(903): App\Controllers\Usersub->__construct()
 2 SYSTEMPATH\CodeIgniter.php(498): CodeIgniter\CodeIgniter->createController()
 3 SYSTEMPATH\CodeIgniter.php(354): CodeIgniter\CodeIgniter->handleRequest(null, Object(Config\Cache), false)
 4 SYSTEMPATH\Boot.php(334): CodeIgniter\CodeIgniter->run()
 5 SYSTEMPATH\Boot.php(67): CodeIgniter\Boot::runCodeIgniter(Object(CodeIgniter\CodeIgniter))
 6 FCPATH\index.php(59): CodeIgniter\Boot::bootWeb(Object(Config\Paths))
WARNING - 2025-08-01 04:52:52 --> [DEPRECATED] Creation of dynamic property App\Controllers\Usersub::$input is deprecated in APPPATH\Controllers\Usersub.php on line 20.
 1 SYSTEMPATH\CodeIgniter.php(903): App\Controllers\Usersub->__construct()
 2 SYSTEMPATH\CodeIgniter.php(498): CodeIgniter\CodeIgniter->createController()
 3 SYSTEMPATH\CodeIgniter.php(354): CodeIgniter\CodeIgniter->handleRequest(null, Object(Config\Cache), false)
 4 SYSTEMPATH\Boot.php(334): CodeIgniter\CodeIgniter->run()
 5 SYSTEMPATH\Boot.php(67): CodeIgniter\Boot::runCodeIgniter(Object(CodeIgniter\CodeIgniter))
 6 FCPATH\index.php(59): CodeIgniter\Boot::bootWeb(Object(Config\Paths))
WARNING - 2025-08-01 04:52:52 --> [DEPRECATED] Creation of dynamic property App\Controllers\Usersub::$authService is deprecated in APPPATH\Controllers\Usersub.php on line 21.
 1 SYSTEMPATH\CodeIgniter.php(903): App\Controllers\Usersub->__construct()
 2 SYSTEMPATH\CodeIgniter.php(498): CodeIgniter\CodeIgniter->createController()
 3 SYSTEMPATH\CodeIgniter.php(354): CodeIgniter\CodeIgniter->handleRequest(null, Object(Config\Cache), false)
 4 SYSTEMPATH\Boot.php(334): CodeIgniter\CodeIgniter->run()
 5 SYSTEMPATH\Boot.php(67): CodeIgniter\Boot::runCodeIgniter(Object(CodeIgniter\CodeIgniter))
 6 FCPATH\index.php(59): CodeIgniter\Boot::bootWeb(Object(Config\Paths))
WARNING - 2025-08-01 04:52:52 --> [DEPRECATED] Creation of dynamic property App\Controllers\Usersub::$userModel is deprecated in APPPATH\Controllers\Usersub.php on line 24.
 1 SYSTEMPATH\CodeIgniter.php(903): App\Controllers\Usersub->__construct()
 2 SYSTEMPATH\CodeIgniter.php(498): CodeIgniter\CodeIgniter->createController()
 3 SYSTEMPATH\CodeIgniter.php(354): CodeIgniter\CodeIgniter->handleRequest(null, Object(Config\Cache), false)
 4 SYSTEMPATH\Boot.php(334): CodeIgniter\CodeIgniter->run()
 5 SYSTEMPATH\Boot.php(67): CodeIgniter\Boot::runCodeIgniter(Object(CodeIgniter\CodeIgniter))
 6 FCPATH\index.php(59): CodeIgniter\Boot::bootWeb(Object(Config\Paths))
DEBUG - 2025-08-01 04:53:31 --> Session: Class initialized using 'CodeIgniter\Session\Handlers\FileHandler' driver.
WARNING - 2025-08-01 04:53:31 --> [DEPRECATED] Creation of dynamic property App\Controllers\Usersub::$session is deprecated in APPPATH\Controllers\Usersub.php on line 19.
 1 SYSTEMPATH\CodeIgniter.php(903): App\Controllers\Usersub->__construct()
 2 SYSTEMPATH\CodeIgniter.php(498): CodeIgniter\CodeIgniter->createController()
 3 SYSTEMPATH\CodeIgniter.php(354): CodeIgniter\CodeIgniter->handleRequest(null, Object(Config\Cache), false)
 4 SYSTEMPATH\Boot.php(334): CodeIgniter\CodeIgniter->run()
 5 SYSTEMPATH\Boot.php(67): CodeIgniter\Boot::runCodeIgniter(Object(CodeIgniter\CodeIgniter))
 6 FCPATH\index.php(59): CodeIgniter\Boot::bootWeb(Object(Config\Paths))
WARNING - 2025-08-01 04:53:31 --> [DEPRECATED] Creation of dynamic property App\Controllers\Usersub::$input is deprecated in APPPATH\Controllers\Usersub.php on line 20.
 1 SYSTEMPATH\CodeIgniter.php(903): App\Controllers\Usersub->__construct()
 2 SYSTEMPATH\CodeIgniter.php(498): CodeIgniter\CodeIgniter->createController()
 3 SYSTEMPATH\CodeIgniter.php(354): CodeIgniter\CodeIgniter->handleRequest(null, Object(Config\Cache), false)
 4 SYSTEMPATH\Boot.php(334): CodeIgniter\CodeIgniter->run()
 5 SYSTEMPATH\Boot.php(67): CodeIgniter\Boot::runCodeIgniter(Object(CodeIgniter\CodeIgniter))
 6 FCPATH\index.php(59): CodeIgniter\Boot::bootWeb(Object(Config\Paths))
WARNING - 2025-08-01 04:53:31 --> [DEPRECATED] Creation of dynamic property App\Controllers\Usersub::$authService is deprecated in APPPATH\Controllers\Usersub.php on line 21.
 1 SYSTEMPATH\CodeIgniter.php(903): App\Controllers\Usersub->__construct()
 2 SYSTEMPATH\CodeIgniter.php(498): CodeIgniter\CodeIgniter->createController()
 3 SYSTEMPATH\CodeIgniter.php(354): CodeIgniter\CodeIgniter->handleRequest(null, Object(Config\Cache), false)
 4 SYSTEMPATH\Boot.php(334): CodeIgniter\CodeIgniter->run()
 5 SYSTEMPATH\Boot.php(67): CodeIgniter\Boot::runCodeIgniter(Object(CodeIgniter\CodeIgniter))
 6 FCPATH\index.php(59): CodeIgniter\Boot::bootWeb(Object(Config\Paths))
WARNING - 2025-08-01 04:53:31 --> [DEPRECATED] Creation of dynamic property App\Controllers\Usersub::$userModel is deprecated in APPPATH\Controllers\Usersub.php on line 24.
 1 SYSTEMPATH\CodeIgniter.php(903): App\Controllers\Usersub->__construct()
 2 SYSTEMPATH\CodeIgniter.php(498): CodeIgniter\CodeIgniter->createController()
 3 SYSTEMPATH\CodeIgniter.php(354): CodeIgniter\CodeIgniter->handleRequest(null, Object(Config\Cache), false)
 4 SYSTEMPATH\Boot.php(334): CodeIgniter\CodeIgniter->run()
 5 SYSTEMPATH\Boot.php(67): CodeIgniter\Boot::runCodeIgniter(Object(CodeIgniter\CodeIgniter))
 6 FCPATH\index.php(59): CodeIgniter\Boot::bootWeb(Object(Config\Paths))
DEBUG - 2025-08-01 04:53:47 --> Session: Class initialized using 'CodeIgniter\Session\Handlers\FileHandler' driver.
WARNING - 2025-08-01 04:53:47 --> [DEPRECATED] Creation of dynamic property App\Controllers\Usersub::$session is deprecated in APPPATH\Controllers\Usersub.php on line 19.
 1 SYSTEMPATH\CodeIgniter.php(903): App\Controllers\Usersub->__construct()
 2 SYSTEMPATH\CodeIgniter.php(498): CodeIgniter\CodeIgniter->createController()
 3 SYSTEMPATH\CodeIgniter.php(354): CodeIgniter\CodeIgniter->handleRequest(null, Object(Config\Cache), false)
 4 SYSTEMPATH\Boot.php(334): CodeIgniter\CodeIgniter->run()
 5 SYSTEMPATH\Boot.php(67): CodeIgniter\Boot::runCodeIgniter(Object(CodeIgniter\CodeIgniter))
 6 FCPATH\index.php(59): CodeIgniter\Boot::bootWeb(Object(Config\Paths))
WARNING - 2025-08-01 04:53:47 --> [DEPRECATED] Creation of dynamic property App\Controllers\Usersub::$input is deprecated in APPPATH\Controllers\Usersub.php on line 20.
 1 SYSTEMPATH\CodeIgniter.php(903): App\Controllers\Usersub->__construct()
 2 SYSTEMPATH\CodeIgniter.php(498): CodeIgniter\CodeIgniter->createController()
 3 SYSTEMPATH\CodeIgniter.php(354): CodeIgniter\CodeIgniter->handleRequest(null, Object(Config\Cache), false)
 4 SYSTEMPATH\Boot.php(334): CodeIgniter\CodeIgniter->run()
 5 SYSTEMPATH\Boot.php(67): CodeIgniter\Boot::runCodeIgniter(Object(CodeIgniter\CodeIgniter))
 6 FCPATH\index.php(59): CodeIgniter\Boot::bootWeb(Object(Config\Paths))
WARNING - 2025-08-01 04:53:47 --> [DEPRECATED] Creation of dynamic property App\Controllers\Usersub::$authService is deprecated in APPPATH\Controllers\Usersub.php on line 21.
 1 SYSTEMPATH\CodeIgniter.php(903): App\Controllers\Usersub->__construct()
 2 SYSTEMPATH\CodeIgniter.php(498): CodeIgniter\CodeIgniter->createController()
 3 SYSTEMPATH\CodeIgniter.php(354): CodeIgniter\CodeIgniter->handleRequest(null, Object(Config\Cache), false)
 4 SYSTEMPATH\Boot.php(334): CodeIgniter\CodeIgniter->run()
 5 SYSTEMPATH\Boot.php(67): CodeIgniter\Boot::runCodeIgniter(Object(CodeIgniter\CodeIgniter))
 6 FCPATH\index.php(59): CodeIgniter\Boot::bootWeb(Object(Config\Paths))
WARNING - 2025-08-01 04:53:47 --> [DEPRECATED] Creation of dynamic property App\Controllers\Usersub::$userModel is deprecated in APPPATH\Controllers\Usersub.php on line 24.
 1 SYSTEMPATH\CodeIgniter.php(903): App\Controllers\Usersub->__construct()
 2 SYSTEMPATH\CodeIgniter.php(498): CodeIgniter\CodeIgniter->createController()
 3 SYSTEMPATH\CodeIgniter.php(354): CodeIgniter\CodeIgniter->handleRequest(null, Object(Config\Cache), false)
 4 SYSTEMPATH\Boot.php(334): CodeIgniter\CodeIgniter->run()
 5 SYSTEMPATH\Boot.php(67): CodeIgniter\Boot::runCodeIgniter(Object(CodeIgniter\CodeIgniter))
 6 FCPATH\index.php(59): CodeIgniter\Boot::bootWeb(Object(Config\Paths))
DEBUG - 2025-08-01 04:54:03 --> Session: Class initialized using 'CodeIgniter\Session\Handlers\FileHandler' driver.
WARNING - 2025-08-01 04:54:03 --> [DEPRECATED] Creation of dynamic property App\Controllers\Usersub::$session is deprecated in APPPATH\Controllers\Usersub.php on line 19.
 1 SYSTEMPATH\CodeIgniter.php(903): App\Controllers\Usersub->__construct()
 2 SYSTEMPATH\CodeIgniter.php(498): CodeIgniter\CodeIgniter->createController()
 3 SYSTEMPATH\CodeIgniter.php(354): CodeIgniter\CodeIgniter->handleRequest(null, Object(Config\Cache), false)
 4 SYSTEMPATH\Boot.php(334): CodeIgniter\CodeIgniter->run()
 5 SYSTEMPATH\Boot.php(67): CodeIgniter\Boot::runCodeIgniter(Object(CodeIgniter\CodeIgniter))
 6 FCPATH\index.php(59): CodeIgniter\Boot::bootWeb(Object(Config\Paths))
WARNING - 2025-08-01 04:54:03 --> [DEPRECATED] Creation of dynamic property App\Controllers\Usersub::$input is deprecated in APPPATH\Controllers\Usersub.php on line 20.
 1 SYSTEMPATH\CodeIgniter.php(903): App\Controllers\Usersub->__construct()
 2 SYSTEMPATH\CodeIgniter.php(498): CodeIgniter\CodeIgniter->createController()
 3 SYSTEMPATH\CodeIgniter.php(354): CodeIgniter\CodeIgniter->handleRequest(null, Object(Config\Cache), false)
 4 SYSTEMPATH\Boot.php(334): CodeIgniter\CodeIgniter->run()
 5 SYSTEMPATH\Boot.php(67): CodeIgniter\Boot::runCodeIgniter(Object(CodeIgniter\CodeIgniter))
 6 FCPATH\index.php(59): CodeIgniter\Boot::bootWeb(Object(Config\Paths))
WARNING - 2025-08-01 04:54:04 --> [DEPRECATED] Creation of dynamic property App\Controllers\Usersub::$authService is deprecated in APPPATH\Controllers\Usersub.php on line 21.
 1 SYSTEMPATH\CodeIgniter.php(903): App\Controllers\Usersub->__construct()
 2 SYSTEMPATH\CodeIgniter.php(498): CodeIgniter\CodeIgniter->createController()
 3 SYSTEMPATH\CodeIgniter.php(354): CodeIgniter\CodeIgniter->handleRequest(null, Object(Config\Cache), false)
 4 SYSTEMPATH\Boot.php(334): CodeIgniter\CodeIgniter->run()
 5 SYSTEMPATH\Boot.php(67): CodeIgniter\Boot::runCodeIgniter(Object(CodeIgniter\CodeIgniter))
 6 FCPATH\index.php(59): CodeIgniter\Boot::bootWeb(Object(Config\Paths))
WARNING - 2025-08-01 04:54:04 --> [DEPRECATED] Creation of dynamic property App\Controllers\Usersub::$userModel is deprecated in APPPATH\Controllers\Usersub.php on line 24.
 1 SYSTEMPATH\CodeIgniter.php(903): App\Controllers\Usersub->__construct()
 2 SYSTEMPATH\CodeIgniter.php(498): CodeIgniter\CodeIgniter->createController()
 3 SYSTEMPATH\CodeIgniter.php(354): CodeIgniter\CodeIgniter->handleRequest(null, Object(Config\Cache), false)
 4 SYSTEMPATH\Boot.php(334): CodeIgniter\CodeIgniter->run()
 5 SYSTEMPATH\Boot.php(67): CodeIgniter\Boot::runCodeIgniter(Object(CodeIgniter\CodeIgniter))
 6 FCPATH\index.php(59): CodeIgniter\Boot::bootWeb(Object(Config\Paths))
DEBUG - 2025-08-01 05:07:42 --> Session: Class initialized using 'CodeIgniter\Session\Handlers\FileHandler' driver.
WARNING - 2025-08-01 05:07:42 --> [DEPRECATED] Creation of dynamic property App\Controllers\Usersub::$session is deprecated in APPPATH\Controllers\Usersub.php on line 19.
 1 SYSTEMPATH\CodeIgniter.php(903): App\Controllers\Usersub->__construct()
 2 SYSTEMPATH\CodeIgniter.php(498): CodeIgniter\CodeIgniter->createController()
 3 SYSTEMPATH\CodeIgniter.php(354): CodeIgniter\CodeIgniter->handleRequest(null, Object(Config\Cache), false)
 4 SYSTEMPATH\Boot.php(334): CodeIgniter\CodeIgniter->run()
 5 SYSTEMPATH\Boot.php(67): CodeIgniter\Boot::runCodeIgniter(Object(CodeIgniter\CodeIgniter))
 6 FCPATH\index.php(59): CodeIgniter\Boot::bootWeb(Object(Config\Paths))
WARNING - 2025-08-01 05:07:42 --> [DEPRECATED] Creation of dynamic property App\Controllers\Usersub::$input is deprecated in APPPATH\Controllers\Usersub.php on line 20.
 1 SYSTEMPATH\CodeIgniter.php(903): App\Controllers\Usersub->__construct()
 2 SYSTEMPATH\CodeIgniter.php(498): CodeIgniter\CodeIgniter->createController()
 3 SYSTEMPATH\CodeIgniter.php(354): CodeIgniter\CodeIgniter->handleRequest(null, Object(Config\Cache), false)
 4 SYSTEMPATH\Boot.php(334): CodeIgniter\CodeIgniter->run()
 5 SYSTEMPATH\Boot.php(67): CodeIgniter\Boot::runCodeIgniter(Object(CodeIgniter\CodeIgniter))
 6 FCPATH\index.php(59): CodeIgniter\Boot::bootWeb(Object(Config\Paths))
WARNING - 2025-08-01 05:07:42 --> [DEPRECATED] Creation of dynamic property App\Controllers\Usersub::$authService is deprecated in APPPATH\Controllers\Usersub.php on line 21.
 1 SYSTEMPATH\CodeIgniter.php(903): App\Controllers\Usersub->__construct()
 2 SYSTEMPATH\CodeIgniter.php(498): CodeIgniter\CodeIgniter->createController()
 3 SYSTEMPATH\CodeIgniter.php(354): CodeIgniter\CodeIgniter->handleRequest(null, Object(Config\Cache), false)
 4 SYSTEMPATH\Boot.php(334): CodeIgniter\CodeIgniter->run()
 5 SYSTEMPATH\Boot.php(67): CodeIgniter\Boot::runCodeIgniter(Object(CodeIgniter\CodeIgniter))
 6 FCPATH\index.php(59): CodeIgniter\Boot::bootWeb(Object(Config\Paths))
WARNING - 2025-08-01 05:07:42 --> [DEPRECATED] Creation of dynamic property App\Controllers\Usersub::$userModel is deprecated in APPPATH\Controllers\Usersub.php on line 24.
 1 SYSTEMPATH\CodeIgniter.php(903): App\Controllers\Usersub->__construct()
 2 SYSTEMPATH\CodeIgniter.php(498): CodeIgniter\CodeIgniter->createController()
 3 SYSTEMPATH\CodeIgniter.php(354): CodeIgniter\CodeIgniter->handleRequest(null, Object(Config\Cache), false)
 4 SYSTEMPATH\Boot.php(334): CodeIgniter\CodeIgniter->run()
 5 SYSTEMPATH\Boot.php(67): CodeIgniter\Boot::runCodeIgniter(Object(CodeIgniter\CodeIgniter))
 6 FCPATH\index.php(59): CodeIgniter\Boot::bootWeb(Object(Config\Paths))
DEBUG - 2025-08-01 05:08:32 --> Session: Class initialized using 'CodeIgniter\Session\Handlers\FileHandler' driver.
WARNING - 2025-08-01 05:08:32 --> [DEPRECATED] Creation of dynamic property App\Controllers\Usersub::$session is deprecated in APPPATH\Controllers\Usersub.php on line 19.
 1 SYSTEMPATH\CodeIgniter.php(903): App\Controllers\Usersub->__construct()
 2 SYSTEMPATH\CodeIgniter.php(498): CodeIgniter\CodeIgniter->createController()
 3 SYSTEMPATH\CodeIgniter.php(354): CodeIgniter\CodeIgniter->handleRequest(null, Object(Config\Cache), false)
 4 SYSTEMPATH\Boot.php(334): CodeIgniter\CodeIgniter->run()
 5 SYSTEMPATH\Boot.php(67): CodeIgniter\Boot::runCodeIgniter(Object(CodeIgniter\CodeIgniter))
 6 FCPATH\index.php(59): CodeIgniter\Boot::bootWeb(Object(Config\Paths))
WARNING - 2025-08-01 05:08:32 --> [DEPRECATED] Creation of dynamic property App\Controllers\Usersub::$input is deprecated in APPPATH\Controllers\Usersub.php on line 20.
 1 SYSTEMPATH\CodeIgniter.php(903): App\Controllers\Usersub->__construct()
 2 SYSTEMPATH\CodeIgniter.php(498): CodeIgniter\CodeIgniter->createController()
 3 SYSTEMPATH\CodeIgniter.php(354): CodeIgniter\CodeIgniter->handleRequest(null, Object(Config\Cache), false)
 4 SYSTEMPATH\Boot.php(334): CodeIgniter\CodeIgniter->run()
 5 SYSTEMPATH\Boot.php(67): CodeIgniter\Boot::runCodeIgniter(Object(CodeIgniter\CodeIgniter))
 6 FCPATH\index.php(59): CodeIgniter\Boot::bootWeb(Object(Config\Paths))
WARNING - 2025-08-01 05:08:32 --> [DEPRECATED] Creation of dynamic property App\Controllers\Usersub::$authService is deprecated in APPPATH\Controllers\Usersub.php on line 21.
 1 SYSTEMPATH\CodeIgniter.php(903): App\Controllers\Usersub->__construct()
 2 SYSTEMPATH\CodeIgniter.php(498): CodeIgniter\CodeIgniter->createController()
 3 SYSTEMPATH\CodeIgniter.php(354): CodeIgniter\CodeIgniter->handleRequest(null, Object(Config\Cache), false)
 4 SYSTEMPATH\Boot.php(334): CodeIgniter\CodeIgniter->run()
 5 SYSTEMPATH\Boot.php(67): CodeIgniter\Boot::runCodeIgniter(Object(CodeIgniter\CodeIgniter))
 6 FCPATH\index.php(59): CodeIgniter\Boot::bootWeb(Object(Config\Paths))
WARNING - 2025-08-01 05:08:32 --> [DEPRECATED] Creation of dynamic property App\Controllers\Usersub::$userModel is deprecated in APPPATH\Controllers\Usersub.php on line 24.
 1 SYSTEMPATH\CodeIgniter.php(903): App\Controllers\Usersub->__construct()
 2 SYSTEMPATH\CodeIgniter.php(498): CodeIgniter\CodeIgniter->createController()
 3 SYSTEMPATH\CodeIgniter.php(354): CodeIgniter\CodeIgniter->handleRequest(null, Object(Config\Cache), false)
 4 SYSTEMPATH\Boot.php(334): CodeIgniter\CodeIgniter->run()
 5 SYSTEMPATH\Boot.php(67): CodeIgniter\Boot::runCodeIgniter(Object(CodeIgniter\CodeIgniter))
 6 FCPATH\index.php(59): CodeIgniter\Boot::bootWeb(Object(Config\Paths))
ERROR - 2025-08-01 05:08:33 --> mysqli_sql_exception: Unknown column 'stripe_price_id' in 'field list' in C:\xampp\htdocs\Cukkuboo_BE\cukkuboo-php\system\Database\MySQLi\Connection.php:327
Stack trace:
#0 C:\xampp\htdocs\Cukkuboo_BE\cukkuboo-php\system\Database\MySQLi\Connection.php(327): mysqli->query('INSERT INTO `us...', 0)
#1 C:\xampp\htdocs\Cukkuboo_BE\cukkuboo-php\system\Database\BaseConnection.php(738): CodeIgniter\Database\MySQLi\Connection->execute('INSERT INTO `us...')
#2 C:\xampp\htdocs\Cukkuboo_BE\cukkuboo-php\system\Database\BaseConnection.php(652): CodeIgniter\Database\BaseConnection->simpleQuery('INSERT INTO `us...')
#3 C:\xampp\htdocs\Cukkuboo_BE\cukkuboo-php\system\Database\BaseBuilder.php(2345): CodeIgniter\Database\BaseConnection->query('INSERT INTO `us...', Array, false)
#4 C:\xampp\htdocs\Cukkuboo_BE\cukkuboo-php\system\Model.php(394): CodeIgniter\Database\BaseBuilder->insert()
#5 C:\xampp\htdocs\Cukkuboo_BE\cukkuboo-php\system\BaseModel.php(843): CodeIgniter\Model->doInsert(Array)
#6 C:\xampp\htdocs\Cukkuboo_BE\cukkuboo-php\system\Model.php(800): CodeIgniter\BaseModel->insert(Array, true)
#7 C:\xampp\htdocs\Cukkuboo_BE\cukkuboo-php\app\Controllers\Usersub.php(125): CodeIgniter\Model->insert(Array)
#8 C:\xampp\htdocs\Cukkuboo_BE\cukkuboo-php\system\CodeIgniter.php(933): App\Controllers\Usersub->createSubscribe()
#9 C:\xampp\htdocs\Cukkuboo_BE\cukkuboo-php\system\CodeIgniter.php(507): CodeIgniter\CodeIgniter->runController(Object(App\Controllers\Usersub))
#10 C:\xampp\htdocs\Cukkuboo_BE\cukkuboo-php\system\CodeIgniter.php(354): CodeIgniter\CodeIgniter->handleRequest(NULL, Object(Config\Cache), false)
#11 C:\xampp\htdocs\Cukkuboo_BE\cukkuboo-php\system\Boot.php(334): CodeIgniter\CodeIgniter->run()
#12 C:\xampp\htdocs\Cukkuboo_BE\cukkuboo-php\system\Boot.php(67): CodeIgniter\Boot::runCodeIgniter(Object(CodeIgniter\CodeIgniter))
#13 C:\xampp\htdocs\Cukkuboo_BE\cukkuboo-php\index.php(59): CodeIgniter\Boot::bootWeb(Object(Config\Paths))
#14 {main}
CRITICAL - 2025-08-01 05:08:33 --> CodeIgniter\Database\Exceptions\DatabaseException: Unknown column 'stripe_price_id' in 'field list'
[Method: POST, Route: usersub/save]
in SYSTEMPATH\Database\BaseConnection.php on line 692.
 1 SYSTEMPATH\Database\BaseBuilder.php(2345): CodeIgniter\Database\BaseConnection->query('INSERT INTO `user_subscription` (`user_id`, `subscriptionplan_id`, `plan_name`, `price`, `start_date`, `end_date`, `status`, `stripe_price_id`, `created_on`, `created_by`, `modify_on`, `modify_by`) VALUES (:user_id:, :subscriptionplan_id:, :plan_name:, :price:, :start_date:, :end_date:, :status:, :stripe_price_id:, :created_on:, :created_by:, :modify_on:, :modify_by:)', [...], false)
 2 SYSTEMPATH\Model.php(394): CodeIgniter\Database\BaseBuilder->insert()
 3 SYSTEMPATH\BaseModel.php(843): CodeIgniter\Model->doInsert([...])
 4 SYSTEMPATH\Model.php(800): CodeIgniter\BaseModel->insert([...], true)
 5 APPPATH\Controllers\Usersub.php(125): CodeIgniter\Model->insert([...])
 6 SYSTEMPATH\CodeIgniter.php(933): App\Controllers\Usersub->createSubscribe()
 7 SYSTEMPATH\CodeIgniter.php(507): CodeIgniter\CodeIgniter->runController(Object(App\Controllers\Usersub))
 8 SYSTEMPATH\CodeIgniter.php(354): CodeIgniter\CodeIgniter->handleRequest(null, Object(Config\Cache), false)
 9 SYSTEMPATH\Boot.php(334): CodeIgniter\CodeIgniter->run()
10 SYSTEMPATH\Boot.php(67): CodeIgniter\Boot::runCodeIgniter(Object(CodeIgniter\CodeIgniter))
11 FCPATH\index.php(59): CodeIgniter\Boot::bootWeb(Object(Config\Paths))
CRITICAL - 2025-08-01 05:08:33 --> [Caused by] CodeIgniter\Database\Exceptions\DatabaseException: Unknown column 'stripe_price_id' in 'field list'
in SYSTEMPATH\Database\MySQLi\Connection.php on line 332.
 1 SYSTEMPATH\Database\BaseConnection.php(738): CodeIgniter\Database\MySQLi\Connection->execute('INSERT INTO `user_subscription` (`user_id`, `subscriptionplan_id`, `plan_name`, `price`, `start_date`, `end_date`, `status`, `stripe_price_id`, `created_on`, `created_by`, `modify_on`, `modify_by`) VALUES (\'29\', 76, \'3 days\', 10, \'2025-08-01\', \'2025-08-04\', 1, NULL, \'2025-08-01 05:08:33\', \'29\', \'2025-08-01 05:08:33\', \'29\')')
 2 SYSTEMPATH\Database\BaseConnection.php(652): CodeIgniter\Database\BaseConnection->simpleQuery('INSERT INTO `user_subscription` (`user_id`, `subscriptionplan_id`, `plan_name`, `price`, `start_date`, `end_date`, `status`, `stripe_price_id`, `created_on`, `created_by`, `modify_on`, `modify_by`) VALUES (\'29\', 76, \'3 days\', 10, \'2025-08-01\', \'2025-08-04\', 1, NULL, \'2025-08-01 05:08:33\', \'29\', \'2025-08-01 05:08:33\', \'29\')')
 3 SYSTEMPATH\Database\BaseBuilder.php(2345): CodeIgniter\Database\BaseConnection->query('INSERT INTO `user_subscription` (`user_id`, `subscriptionplan_id`, `plan_name`, `price`, `start_date`, `end_date`, `status`, `stripe_price_id`, `created_on`, `created_by`, `modify_on`, `modify_by`) VALUES (:user_id:, :subscriptionplan_id:, :plan_name:, :price:, :start_date:, :end_date:, :status:, :stripe_price_id:, :created_on:, :created_by:, :modify_on:, :modify_by:)', [...], false)
 4 SYSTEMPATH\Model.php(394): CodeIgniter\Database\BaseBuilder->insert()
 5 SYSTEMPATH\BaseModel.php(843): CodeIgniter\Model->doInsert([...])
 6 SYSTEMPATH\Model.php(800): CodeIgniter\BaseModel->insert([...], true)
 7 APPPATH\Controllers\Usersub.php(125): CodeIgniter\Model->insert([...])
 8 SYSTEMPATH\CodeIgniter.php(933): App\Controllers\Usersub->createSubscribe()
 9 SYSTEMPATH\CodeIgniter.php(507): CodeIgniter\CodeIgniter->runController(Object(App\Controllers\Usersub))
10 SYSTEMPATH\CodeIgniter.php(354): CodeIgniter\CodeIgniter->handleRequest(null, Object(Config\Cache), false)
11 SYSTEMPATH\Boot.php(334): CodeIgniter\CodeIgniter->run()
12 SYSTEMPATH\Boot.php(67): CodeIgniter\Boot::runCodeIgniter(Object(CodeIgniter\CodeIgniter))
13 FCPATH\index.php(59): CodeIgniter\Boot::bootWeb(Object(Config\Paths))
CRITICAL - 2025-08-01 05:08:33 --> [Caused by] mysqli_sql_exception: Unknown column 'stripe_price_id' in 'field list'
in SYSTEMPATH\Database\MySQLi\Connection.php on line 327.
 1 SYSTEMPATH\Database\MySQLi\Connection.php(327): mysqli->query('INSERT INTO `user_subscription` (`user_id`, `subscriptionplan_id`, `plan_name`, `price`, `start_date`, `end_date`, `status`, `stripe_price_id`, `created_on`, `created_by`, `modify_on`, `modify_by`) VALUES (\'29\', 76, \'3 days\', 10, \'2025-08-01\', \'2025-08-04\', 1, NULL, \'2025-08-01 05:08:33\', \'29\', \'2025-08-01 05:08:33\', \'29\')', 0)
 2 SYSTEMPATH\Database\BaseConnection.php(738): CodeIgniter\Database\MySQLi\Connection->execute('INSERT INTO `user_subscription` (`user_id`, `subscriptionplan_id`, `plan_name`, `price`, `start_date`, `end_date`, `status`, `stripe_price_id`, `created_on`, `created_by`, `modify_on`, `modify_by`) VALUES (\'29\', 76, \'3 days\', 10, \'2025-08-01\', \'2025-08-04\', 1, NULL, \'2025-08-01 05:08:33\', \'29\', \'2025-08-01 05:08:33\', \'29\')')
 3 SYSTEMPATH\Database\BaseConnection.php(652): CodeIgniter\Database\BaseConnection->simpleQuery('INSERT INTO `user_subscription` (`user_id`, `subscriptionplan_id`, `plan_name`, `price`, `start_date`, `end_date`, `status`, `stripe_price_id`, `created_on`, `created_by`, `modify_on`, `modify_by`) VALUES (\'29\', 76, \'3 days\', 10, \'2025-08-01\', \'2025-08-04\', 1, NULL, \'2025-08-01 05:08:33\', \'29\', \'2025-08-01 05:08:33\', \'29\')')
 4 SYSTEMPATH\Database\BaseBuilder.php(2345): CodeIgniter\Database\BaseConnection->query('INSERT INTO `user_subscription` (`user_id`, `subscriptionplan_id`, `plan_name`, `price`, `start_date`, `end_date`, `status`, `stripe_price_id`, `created_on`, `created_by`, `modify_on`, `modify_by`) VALUES (:user_id:, :subscriptionplan_id:, :plan_name:, :price:, :start_date:, :end_date:, :status:, :stripe_price_id:, :created_on:, :created_by:, :modify_on:, :modify_by:)', [...], false)
 5 SYSTEMPATH\Model.php(394): CodeIgniter\Database\BaseBuilder->insert()
 6 SYSTEMPATH\BaseModel.php(843): CodeIgniter\Model->doInsert([...])
 7 SYSTEMPATH\Model.php(800): CodeIgniter\BaseModel->insert([...], true)
 8 APPPATH\Controllers\Usersub.php(125): CodeIgniter\Model->insert([...])
 9 SYSTEMPATH\CodeIgniter.php(933): App\Controllers\Usersub->createSubscribe()
10 SYSTEMPATH\CodeIgniter.php(507): CodeIgniter\CodeIgniter->runController(Object(App\Controllers\Usersub))
11 SYSTEMPATH\CodeIgniter.php(354): CodeIgniter\CodeIgniter->handleRequest(null, Object(Config\Cache), false)
12 SYSTEMPATH\Boot.php(334): CodeIgniter\CodeIgniter->run()
13 SYSTEMPATH\Boot.php(67): CodeIgniter\Boot::runCodeIgniter(Object(CodeIgniter\CodeIgniter))
14 FCPATH\index.php(59): CodeIgniter\Boot::bootWeb(Object(Config\Paths))
DEBUG - 2025-08-01 05:08:48 --> Session: Class initialized using 'CodeIgniter\Session\Handlers\FileHandler' driver.
WARNING - 2025-08-01 05:08:48 --> [DEPRECATED] Creation of dynamic property App\Controllers\Usersub::$session is deprecated in APPPATH\Controllers\Usersub.php on line 19.
 1 SYSTEMPATH\CodeIgniter.php(903): App\Controllers\Usersub->__construct()
 2 SYSTEMPATH\CodeIgniter.php(498): CodeIgniter\CodeIgniter->createController()
 3 SYSTEMPATH\CodeIgniter.php(354): CodeIgniter\CodeIgniter->handleRequest(null, Object(Config\Cache), false)
 4 SYSTEMPATH\Boot.php(334): CodeIgniter\CodeIgniter->run()
 5 SYSTEMPATH\Boot.php(67): CodeIgniter\Boot::runCodeIgniter(Object(CodeIgniter\CodeIgniter))
 6 FCPATH\index.php(59): CodeIgniter\Boot::bootWeb(Object(Config\Paths))
WARNING - 2025-08-01 05:08:48 --> [DEPRECATED] Creation of dynamic property App\Controllers\Usersub::$input is deprecated in APPPATH\Controllers\Usersub.php on line 20.
 1 SYSTEMPATH\CodeIgniter.php(903): App\Controllers\Usersub->__construct()
 2 SYSTEMPATH\CodeIgniter.php(498): CodeIgniter\CodeIgniter->createController()
 3 SYSTEMPATH\CodeIgniter.php(354): CodeIgniter\CodeIgniter->handleRequest(null, Object(Config\Cache), false)
 4 SYSTEMPATH\Boot.php(334): CodeIgniter\CodeIgniter->run()
 5 SYSTEMPATH\Boot.php(67): CodeIgniter\Boot::runCodeIgniter(Object(CodeIgniter\CodeIgniter))
 6 FCPATH\index.php(59): CodeIgniter\Boot::bootWeb(Object(Config\Paths))
WARNING - 2025-08-01 05:08:49 --> [DEPRECATED] Creation of dynamic property App\Controllers\Usersub::$authService is deprecated in APPPATH\Controllers\Usersub.php on line 21.
 1 SYSTEMPATH\CodeIgniter.php(903): App\Controllers\Usersub->__construct()
 2 SYSTEMPATH\CodeIgniter.php(498): CodeIgniter\CodeIgniter->createController()
 3 SYSTEMPATH\CodeIgniter.php(354): CodeIgniter\CodeIgniter->handleRequest(null, Object(Config\Cache), false)
 4 SYSTEMPATH\Boot.php(334): CodeIgniter\CodeIgniter->run()
 5 SYSTEMPATH\Boot.php(67): CodeIgniter\Boot::runCodeIgniter(Object(CodeIgniter\CodeIgniter))
 6 FCPATH\index.php(59): CodeIgniter\Boot::bootWeb(Object(Config\Paths))
WARNING - 2025-08-01 05:08:49 --> [DEPRECATED] Creation of dynamic property App\Controllers\Usersub::$userModel is deprecated in APPPATH\Controllers\Usersub.php on line 24.
 1 SYSTEMPATH\CodeIgniter.php(903): App\Controllers\Usersub->__construct()
 2 SYSTEMPATH\CodeIgniter.php(498): CodeIgniter\CodeIgniter->createController()
 3 SYSTEMPATH\CodeIgniter.php(354): CodeIgniter\CodeIgniter->handleRequest(null, Object(Config\Cache), false)
 4 SYSTEMPATH\Boot.php(334): CodeIgniter\CodeIgniter->run()
 5 SYSTEMPATH\Boot.php(67): CodeIgniter\Boot::runCodeIgniter(Object(CodeIgniter\CodeIgniter))
 6 FCPATH\index.php(59): CodeIgniter\Boot::bootWeb(Object(Config\Paths))
DEBUG - 2025-08-01 05:11:49 --> Session: Class initialized using 'CodeIgniter\Session\Handlers\FileHandler' driver.
WARNING - 2025-08-01 05:11:49 --> [DEPRECATED] Creation of dynamic property App\Controllers\Usersub::$session is deprecated in APPPATH\Controllers\Usersub.php on line 19.
 1 SYSTEMPATH\CodeIgniter.php(903): App\Controllers\Usersub->__construct()
 2 SYSTEMPATH\CodeIgniter.php(498): CodeIgniter\CodeIgniter->createController()
 3 SYSTEMPATH\CodeIgniter.php(354): CodeIgniter\CodeIgniter->handleRequest(null, Object(Config\Cache), false)
 4 SYSTEMPATH\Boot.php(334): CodeIgniter\CodeIgniter->run()
 5 SYSTEMPATH\Boot.php(67): CodeIgniter\Boot::runCodeIgniter(Object(CodeIgniter\CodeIgniter))
 6 FCPATH\index.php(59): CodeIgniter\Boot::bootWeb(Object(Config\Paths))
WARNING - 2025-08-01 05:11:49 --> [DEPRECATED] Creation of dynamic property App\Controllers\Usersub::$input is deprecated in APPPATH\Controllers\Usersub.php on line 20.
 1 SYSTEMPATH\CodeIgniter.php(903): App\Controllers\Usersub->__construct()
 2 SYSTEMPATH\CodeIgniter.php(498): CodeIgniter\CodeIgniter->createController()
 3 SYSTEMPATH\CodeIgniter.php(354): CodeIgniter\CodeIgniter->handleRequest(null, Object(Config\Cache), false)
 4 SYSTEMPATH\Boot.php(334): CodeIgniter\CodeIgniter->run()
 5 SYSTEMPATH\Boot.php(67): CodeIgniter\Boot::runCodeIgniter(Object(CodeIgniter\CodeIgniter))
 6 FCPATH\index.php(59): CodeIgniter\Boot::bootWeb(Object(Config\Paths))
WARNING - 2025-08-01 05:11:49 --> [DEPRECATED] Creation of dynamic property App\Controllers\Usersub::$authService is deprecated in APPPATH\Controllers\Usersub.php on line 21.
 1 SYSTEMPATH\CodeIgniter.php(903): App\Controllers\Usersub->__construct()
 2 SYSTEMPATH\CodeIgniter.php(498): CodeIgniter\CodeIgniter->createController()
 3 SYSTEMPATH\CodeIgniter.php(354): CodeIgniter\CodeIgniter->handleRequest(null, Object(Config\Cache), false)
 4 SYSTEMPATH\Boot.php(334): CodeIgniter\CodeIgniter->run()
 5 SYSTEMPATH\Boot.php(67): CodeIgniter\Boot::runCodeIgniter(Object(CodeIgniter\CodeIgniter))
 6 FCPATH\index.php(59): CodeIgniter\Boot::bootWeb(Object(Config\Paths))
WARNING - 2025-08-01 05:11:49 --> [DEPRECATED] Creation of dynamic property App\Controllers\Usersub::$userModel is deprecated in APPPATH\Controllers\Usersub.php on line 24.
 1 SYSTEMPATH\CodeIgniter.php(903): App\Controllers\Usersub->__construct()
 2 SYSTEMPATH\CodeIgniter.php(498): CodeIgniter\CodeIgniter->createController()
 3 SYSTEMPATH\CodeIgniter.php(354): CodeIgniter\CodeIgniter->handleRequest(null, Object(Config\Cache), false)
 4 SYSTEMPATH\Boot.php(334): CodeIgniter\CodeIgniter->run()
 5 SYSTEMPATH\Boot.php(67): CodeIgniter\Boot::runCodeIgniter(Object(CodeIgniter\CodeIgniter))
 6 FCPATH\index.php(59): CodeIgniter\Boot::bootWeb(Object(Config\Paths))
DEBUG - 2025-08-01 05:12:28 --> Session: Class initialized using 'CodeIgniter\Session\Handlers\FileHandler' driver.
WARNING - 2025-08-01 05:12:28 --> [DEPRECATED] Creation of dynamic property App\Controllers\Usersub::$session is deprecated in APPPATH\Controllers\Usersub.php on line 19.
 1 SYSTEMPATH\CodeIgniter.php(903): App\Controllers\Usersub->__construct()
 2 SYSTEMPATH\CodeIgniter.php(498): CodeIgniter\CodeIgniter->createController()
 3 SYSTEMPATH\CodeIgniter.php(354): CodeIgniter\CodeIgniter->handleRequest(null, Object(Config\Cache), false)
 4 SYSTEMPATH\Boot.php(334): CodeIgniter\CodeIgniter->run()
 5 SYSTEMPATH\Boot.php(67): CodeIgniter\Boot::runCodeIgniter(Object(CodeIgniter\CodeIgniter))
 6 FCPATH\index.php(59): CodeIgniter\Boot::bootWeb(Object(Config\Paths))
WARNING - 2025-08-01 05:12:28 --> [DEPRECATED] Creation of dynamic property App\Controllers\Usersub::$input is deprecated in APPPATH\Controllers\Usersub.php on line 20.
 1 SYSTEMPATH\CodeIgniter.php(903): App\Controllers\Usersub->__construct()
 2 SYSTEMPATH\CodeIgniter.php(498): CodeIgniter\CodeIgniter->createController()
 3 SYSTEMPATH\CodeIgniter.php(354): CodeIgniter\CodeIgniter->handleRequest(null, Object(Config\Cache), false)
 4 SYSTEMPATH\Boot.php(334): CodeIgniter\CodeIgniter->run()
 5 SYSTEMPATH\Boot.php(67): CodeIgniter\Boot::runCodeIgniter(Object(CodeIgniter\CodeIgniter))
 6 FCPATH\index.php(59): CodeIgniter\Boot::bootWeb(Object(Config\Paths))
WARNING - 2025-08-01 05:12:28 --> [DEPRECATED] Creation of dynamic property App\Controllers\Usersub::$authService is deprecated in APPPATH\Controllers\Usersub.php on line 21.
 1 SYSTEMPATH\CodeIgniter.php(903): App\Controllers\Usersub->__construct()
 2 SYSTEMPATH\CodeIgniter.php(498): CodeIgniter\CodeIgniter->createController()
 3 SYSTEMPATH\CodeIgniter.php(354): CodeIgniter\CodeIgniter->handleRequest(null, Object(Config\Cache), false)
 4 SYSTEMPATH\Boot.php(334): CodeIgniter\CodeIgniter->run()
 5 SYSTEMPATH\Boot.php(67): CodeIgniter\Boot::runCodeIgniter(Object(CodeIgniter\CodeIgniter))
 6 FCPATH\index.php(59): CodeIgniter\Boot::bootWeb(Object(Config\Paths))
WARNING - 2025-08-01 05:12:28 --> [DEPRECATED] Creation of dynamic property App\Controllers\Usersub::$userModel is deprecated in APPPATH\Controllers\Usersub.php on line 24.
 1 SYSTEMPATH\CodeIgniter.php(903): App\Controllers\Usersub->__construct()
 2 SYSTEMPATH\CodeIgniter.php(498): CodeIgniter\CodeIgniter->createController()
 3 SYSTEMPATH\CodeIgniter.php(354): CodeIgniter\CodeIgniter->handleRequest(null, Object(Config\Cache), false)
 4 SYSTEMPATH\Boot.php(334): CodeIgniter\CodeIgniter->run()
 5 SYSTEMPATH\Boot.php(67): CodeIgniter\Boot::runCodeIgniter(Object(CodeIgniter\CodeIgniter))
 6 FCPATH\index.php(59): CodeIgniter\Boot::bootWeb(Object(Config\Paths))
ERROR - 2025-08-01 05:12:29 --> mysqli_sql_exception: Unknown column 'stripe_price_id' in 'field list' in C:\xampp\htdocs\Cukkuboo_BE\cukkuboo-php\system\Database\MySQLi\Connection.php:327
Stack trace:
#0 C:\xampp\htdocs\Cukkuboo_BE\cukkuboo-php\system\Database\MySQLi\Connection.php(327): mysqli->query('INSERT INTO `us...', 0)
#1 C:\xampp\htdocs\Cukkuboo_BE\cukkuboo-php\system\Database\BaseConnection.php(738): CodeIgniter\Database\MySQLi\Connection->execute('INSERT INTO `us...')
#2 C:\xampp\htdocs\Cukkuboo_BE\cukkuboo-php\system\Database\BaseConnection.php(652): CodeIgniter\Database\BaseConnection->simpleQuery('INSERT INTO `us...')
#3 C:\xampp\htdocs\Cukkuboo_BE\cukkuboo-php\system\Database\BaseBuilder.php(2345): CodeIgniter\Database\BaseConnection->query('INSERT INTO `us...', Array, false)
#4 C:\xampp\htdocs\Cukkuboo_BE\cukkuboo-php\system\Model.php(394): CodeIgniter\Database\BaseBuilder->insert()
#5 C:\xampp\htdocs\Cukkuboo_BE\cukkuboo-php\system\BaseModel.php(843): CodeIgniter\Model->doInsert(Array)
#6 C:\xampp\htdocs\Cukkuboo_BE\cukkuboo-php\system\Model.php(800): CodeIgniter\BaseModel->insert(Array, true)
#7 C:\xampp\htdocs\Cukkuboo_BE\cukkuboo-php\app\Controllers\Usersub.php(125): CodeIgniter\Model->insert(Array)
#8 C:\xampp\htdocs\Cukkuboo_BE\cukkuboo-php\system\CodeIgniter.php(933): App\Controllers\Usersub->createSubscribe()
#9 C:\xampp\htdocs\Cukkuboo_BE\cukkuboo-php\system\CodeIgniter.php(507): CodeIgniter\CodeIgniter->runController(Object(App\Controllers\Usersub))
#10 C:\xampp\htdocs\Cukkuboo_BE\cukkuboo-php\system\CodeIgniter.php(354): CodeIgniter\CodeIgniter->handleRequest(NULL, Object(Config\Cache), false)
#11 C:\xampp\htdocs\Cukkuboo_BE\cukkuboo-php\system\Boot.php(334): CodeIgniter\CodeIgniter->run()
#12 C:\xampp\htdocs\Cukkuboo_BE\cukkuboo-php\system\Boot.php(67): CodeIgniter\Boot::runCodeIgniter(Object(CodeIgniter\CodeIgniter))
#13 C:\xampp\htdocs\Cukkuboo_BE\cukkuboo-php\index.php(59): CodeIgniter\Boot::bootWeb(Object(Config\Paths))
#14 {main}
CRITICAL - 2025-08-01 05:12:29 --> CodeIgniter\Database\Exceptions\DatabaseException: Unknown column 'stripe_price_id' in 'field list'
[Method: POST, Route: usersub/save]
in SYSTEMPATH\Database\BaseConnection.php on line 692.
 1 SYSTEMPATH\Database\BaseBuilder.php(2345): CodeIgniter\Database\BaseConnection->query('INSERT INTO `user_subscription` (`user_id`, `subscriptionplan_id`, `plan_name`, `price`, `start_date`, `end_date`, `status`, `stripe_price_id`, `created_on`, `created_by`, `modify_on`, `modify_by`) VALUES (:user_id:, :subscriptionplan_id:, :plan_name:, :price:, :start_date:, :end_date:, :status:, :stripe_price_id:, :created_on:, :created_by:, :modify_on:, :modify_by:)', [...], false)
 2 SYSTEMPATH\Model.php(394): CodeIgniter\Database\BaseBuilder->insert()
 3 SYSTEMPATH\BaseModel.php(843): CodeIgniter\Model->doInsert([...])
 4 SYSTEMPATH\Model.php(800): CodeIgniter\BaseModel->insert([...], true)
 5 APPPATH\Controllers\Usersub.php(125): CodeIgniter\Model->insert([...])
 6 SYSTEMPATH\CodeIgniter.php(933): App\Controllers\Usersub->createSubscribe()
 7 SYSTEMPATH\CodeIgniter.php(507): CodeIgniter\CodeIgniter->runController(Object(App\Controllers\Usersub))
 8 SYSTEMPATH\CodeIgniter.php(354): CodeIgniter\CodeIgniter->handleRequest(null, Object(Config\Cache), false)
 9 SYSTEMPATH\Boot.php(334): CodeIgniter\CodeIgniter->run()
10 SYSTEMPATH\Boot.php(67): CodeIgniter\Boot::runCodeIgniter(Object(CodeIgniter\CodeIgniter))
11 FCPATH\index.php(59): CodeIgniter\Boot::bootWeb(Object(Config\Paths))
CRITICAL - 2025-08-01 05:12:29 --> [Caused by] CodeIgniter\Database\Exceptions\DatabaseException: Unknown column 'stripe_price_id' in 'field list'
in SYSTEMPATH\Database\MySQLi\Connection.php on line 332.
 1 SYSTEMPATH\Database\BaseConnection.php(738): CodeIgniter\Database\MySQLi\Connection->execute('INSERT INTO `user_subscription` (`user_id`, `subscriptionplan_id`, `plan_name`, `price`, `start_date`, `end_date`, `status`, `stripe_price_id`, `created_on`, `created_by`, `modify_on`, `modify_by`) VALUES (\'29\', 76, \'3 days\', 10, \'2025-08-01\', \'2025-08-04\', 1, NULL, \'2025-08-01 05:12:29\', \'29\', \'2025-08-01 05:12:29\', \'29\')')
 2 SYSTEMPATH\Database\BaseConnection.php(652): CodeIgniter\Database\BaseConnection->simpleQuery('INSERT INTO `user_subscription` (`user_id`, `subscriptionplan_id`, `plan_name`, `price`, `start_date`, `end_date`, `status`, `stripe_price_id`, `created_on`, `created_by`, `modify_on`, `modify_by`) VALUES (\'29\', 76, \'3 days\', 10, \'2025-08-01\', \'2025-08-04\', 1, NULL, \'2025-08-01 05:12:29\', \'29\', \'2025-08-01 05:12:29\', \'29\')')
 3 SYSTEMPATH\Database\BaseBuilder.php(2345): CodeIgniter\Database\BaseConnection->query('INSERT INTO `user_subscription` (`user_id`, `subscriptionplan_id`, `plan_name`, `price`, `start_date`, `end_date`, `status`, `stripe_price_id`, `created_on`, `created_by`, `modify_on`, `modify_by`) VALUES (:user_id:, :subscriptionplan_id:, :plan_name:, :price:, :start_date:, :end_date:, :status:, :stripe_price_id:, :created_on:, :created_by:, :modify_on:, :modify_by:)', [...], false)
 4 SYSTEMPATH\Model.php(394): CodeIgniter\Database\BaseBuilder->insert()
 5 SYSTEMPATH\BaseModel.php(843): CodeIgniter\Model->doInsert([...])
 6 SYSTEMPATH\Model.php(800): CodeIgniter\BaseModel->insert([...], true)
 7 APPPATH\Controllers\Usersub.php(125): CodeIgniter\Model->insert([...])
 8 SYSTEMPATH\CodeIgniter.php(933): App\Controllers\Usersub->createSubscribe()
 9 SYSTEMPATH\CodeIgniter.php(507): CodeIgniter\CodeIgniter->runController(Object(App\Controllers\Usersub))
10 SYSTEMPATH\CodeIgniter.php(354): CodeIgniter\CodeIgniter->handleRequest(null, Object(Config\Cache), false)
11 SYSTEMPATH\Boot.php(334): CodeIgniter\CodeIgniter->run()
12 SYSTEMPATH\Boot.php(67): CodeIgniter\Boot::runCodeIgniter(Object(CodeIgniter\CodeIgniter))
13 FCPATH\index.php(59): CodeIgniter\Boot::bootWeb(Object(Config\Paths))
CRITICAL - 2025-08-01 05:12:29 --> [Caused by] mysqli_sql_exception: Unknown column 'stripe_price_id' in 'field list'
in SYSTEMPATH\Database\MySQLi\Connection.php on line 327.
 1 SYSTEMPATH\Database\MySQLi\Connection.php(327): mysqli->query('INSERT INTO `user_subscription` (`user_id`, `subscriptionplan_id`, `plan_name`, `price`, `start_date`, `end_date`, `status`, `stripe_price_id`, `created_on`, `created_by`, `modify_on`, `modify_by`) VALUES (\'29\', 76, \'3 days\', 10, \'2025-08-01\', \'2025-08-04\', 1, NULL, \'2025-08-01 05:12:29\', \'29\', \'2025-08-01 05:12:29\', \'29\')', 0)
 2 SYSTEMPATH\Database\BaseConnection.php(738): CodeIgniter\Database\MySQLi\Connection->execute('INSERT INTO `user_subscription` (`user_id`, `subscriptionplan_id`, `plan_name`, `price`, `start_date`, `end_date`, `status`, `stripe_price_id`, `created_on`, `created_by`, `modify_on`, `modify_by`) VALUES (\'29\', 76, \'3 days\', 10, \'2025-08-01\', \'2025-08-04\', 1, NULL, \'2025-08-01 05:12:29\', \'29\', \'2025-08-01 05:12:29\', \'29\')')
 3 SYSTEMPATH\Database\BaseConnection.php(652): CodeIgniter\Database\BaseConnection->simpleQuery('INSERT INTO `user_subscription` (`user_id`, `subscriptionplan_id`, `plan_name`, `price`, `start_date`, `end_date`, `status`, `stripe_price_id`, `created_on`, `created_by`, `modify_on`, `modify_by`) VALUES (\'29\', 76, \'3 days\', 10, \'2025-08-01\', \'2025-08-04\', 1, NULL, \'2025-08-01 05:12:29\', \'29\', \'2025-08-01 05:12:29\', \'29\')')
 4 SYSTEMPATH\Database\BaseBuilder.php(2345): CodeIgniter\Database\BaseConnection->query('INSERT INTO `user_subscription` (`user_id`, `subscriptionplan_id`, `plan_name`, `price`, `start_date`, `end_date`, `status`, `stripe_price_id`, `created_on`, `created_by`, `modify_on`, `modify_by`) VALUES (:user_id:, :subscriptionplan_id:, :plan_name:, :price:, :start_date:, :end_date:, :status:, :stripe_price_id:, :created_on:, :created_by:, :modify_on:, :modify_by:)', [...], false)
 5 SYSTEMPATH\Model.php(394): CodeIgniter\Database\BaseBuilder->insert()
 6 SYSTEMPATH\BaseModel.php(843): CodeIgniter\Model->doInsert([...])
 7 SYSTEMPATH\Model.php(800): CodeIgniter\BaseModel->insert([...], true)
 8 APPPATH\Controllers\Usersub.php(125): CodeIgniter\Model->insert([...])
 9 SYSTEMPATH\CodeIgniter.php(933): App\Controllers\Usersub->createSubscribe()
10 SYSTEMPATH\CodeIgniter.php(507): CodeIgniter\CodeIgniter->runController(Object(App\Controllers\Usersub))
11 SYSTEMPATH\CodeIgniter.php(354): CodeIgniter\CodeIgniter->handleRequest(null, Object(Config\Cache), false)
12 SYSTEMPATH\Boot.php(334): CodeIgniter\CodeIgniter->run()
13 SYSTEMPATH\Boot.php(67): CodeIgniter\Boot::runCodeIgniter(Object(CodeIgniter\CodeIgniter))
14 FCPATH\index.php(59): CodeIgniter\Boot::bootWeb(Object(Config\Paths))
DEBUG - 2025-08-01 05:14:50 --> Session: Class initialized using 'CodeIgniter\Session\Handlers\FileHandler' driver.
WARNING - 2025-08-01 05:14:50 --> [DEPRECATED] Creation of dynamic property App\Controllers\Usersub::$session is deprecated in APPPATH\Controllers\Usersub.php on line 19.
 1 SYSTEMPATH\CodeIgniter.php(903): App\Controllers\Usersub->__construct()
 2 SYSTEMPATH\CodeIgniter.php(498): CodeIgniter\CodeIgniter->createController()
 3 SYSTEMPATH\CodeIgniter.php(354): CodeIgniter\CodeIgniter->handleRequest(null, Object(Config\Cache), false)
 4 SYSTEMPATH\Boot.php(334): CodeIgniter\CodeIgniter->run()
 5 SYSTEMPATH\Boot.php(67): CodeIgniter\Boot::runCodeIgniter(Object(CodeIgniter\CodeIgniter))
 6 FCPATH\index.php(59): CodeIgniter\Boot::bootWeb(Object(Config\Paths))
WARNING - 2025-08-01 05:14:50 --> [DEPRECATED] Creation of dynamic property App\Controllers\Usersub::$input is deprecated in APPPATH\Controllers\Usersub.php on line 20.
 1 SYSTEMPATH\CodeIgniter.php(903): App\Controllers\Usersub->__construct()
 2 SYSTEMPATH\CodeIgniter.php(498): CodeIgniter\CodeIgniter->createController()
 3 SYSTEMPATH\CodeIgniter.php(354): CodeIgniter\CodeIgniter->handleRequest(null, Object(Config\Cache), false)
 4 SYSTEMPATH\Boot.php(334): CodeIgniter\CodeIgniter->run()
 5 SYSTEMPATH\Boot.php(67): CodeIgniter\Boot::runCodeIgniter(Object(CodeIgniter\CodeIgniter))
 6 FCPATH\index.php(59): CodeIgniter\Boot::bootWeb(Object(Config\Paths))
WARNING - 2025-08-01 05:14:50 --> [DEPRECATED] Creation of dynamic property App\Controllers\Usersub::$authService is deprecated in APPPATH\Controllers\Usersub.php on line 21.
 1 SYSTEMPATH\CodeIgniter.php(903): App\Controllers\Usersub->__construct()
 2 SYSTEMPATH\CodeIgniter.php(498): CodeIgniter\CodeIgniter->createController()
 3 SYSTEMPATH\CodeIgniter.php(354): CodeIgniter\CodeIgniter->handleRequest(null, Object(Config\Cache), false)
 4 SYSTEMPATH\Boot.php(334): CodeIgniter\CodeIgniter->run()
 5 SYSTEMPATH\Boot.php(67): CodeIgniter\Boot::runCodeIgniter(Object(CodeIgniter\CodeIgniter))
 6 FCPATH\index.php(59): CodeIgniter\Boot::bootWeb(Object(Config\Paths))
WARNING - 2025-08-01 05:14:50 --> [DEPRECATED] Creation of dynamic property App\Controllers\Usersub::$userModel is deprecated in APPPATH\Controllers\Usersub.php on line 24.
 1 SYSTEMPATH\CodeIgniter.php(903): App\Controllers\Usersub->__construct()
 2 SYSTEMPATH\CodeIgniter.php(498): CodeIgniter\CodeIgniter->createController()
 3 SYSTEMPATH\CodeIgniter.php(354): CodeIgniter\CodeIgniter->handleRequest(null, Object(Config\Cache), false)
 4 SYSTEMPATH\Boot.php(334): CodeIgniter\CodeIgniter->run()
 5 SYSTEMPATH\Boot.php(67): CodeIgniter\Boot::runCodeIgniter(Object(CodeIgniter\CodeIgniter))
 6 FCPATH\index.php(59): CodeIgniter\Boot::bootWeb(Object(Config\Paths))
ERROR - 2025-08-01 05:14:50 --> mysqli_sql_exception: Column 'stripe_price_id' cannot be null in C:\xampp\htdocs\Cukkuboo_BE\cukkuboo-php\system\Database\MySQLi\Connection.php:327
Stack trace:
#0 C:\xampp\htdocs\Cukkuboo_BE\cukkuboo-php\system\Database\MySQLi\Connection.php(327): mysqli->query('INSERT INTO `us...', 0)
#1 C:\xampp\htdocs\Cukkuboo_BE\cukkuboo-php\system\Database\BaseConnection.php(738): CodeIgniter\Database\MySQLi\Connection->execute('INSERT INTO `us...')
#2 C:\xampp\htdocs\Cukkuboo_BE\cukkuboo-php\system\Database\BaseConnection.php(652): CodeIgniter\Database\BaseConnection->simpleQuery('INSERT INTO `us...')
#3 C:\xampp\htdocs\Cukkuboo_BE\cukkuboo-php\system\Database\BaseBuilder.php(2345): CodeIgniter\Database\BaseConnection->query('INSERT INTO `us...', Array, false)
#4 C:\xampp\htdocs\Cukkuboo_BE\cukkuboo-php\system\Model.php(394): CodeIgniter\Database\BaseBuilder->insert()
#5 C:\xampp\htdocs\Cukkuboo_BE\cukkuboo-php\system\BaseModel.php(843): CodeIgniter\Model->doInsert(Array)
#6 C:\xampp\htdocs\Cukkuboo_BE\cukkuboo-php\system\Model.php(800): CodeIgniter\BaseModel->insert(Array, true)
#7 C:\xampp\htdocs\Cukkuboo_BE\cukkuboo-php\app\Controllers\Usersub.php(125): CodeIgniter\Model->insert(Array)
#8 C:\xampp\htdocs\Cukkuboo_BE\cukkuboo-php\system\CodeIgniter.php(933): App\Controllers\Usersub->createSubscribe()
#9 C:\xampp\htdocs\Cukkuboo_BE\cukkuboo-php\system\CodeIgniter.php(507): CodeIgniter\CodeIgniter->runController(Object(App\Controllers\Usersub))
#10 C:\xampp\htdocs\Cukkuboo_BE\cukkuboo-php\system\CodeIgniter.php(354): CodeIgniter\CodeIgniter->handleRequest(NULL, Object(Config\Cache), false)
#11 C:\xampp\htdocs\Cukkuboo_BE\cukkuboo-php\system\Boot.php(334): CodeIgniter\CodeIgniter->run()
#12 C:\xampp\htdocs\Cukkuboo_BE\cukkuboo-php\system\Boot.php(67): CodeIgniter\Boot::runCodeIgniter(Object(CodeIgniter\CodeIgniter))
#13 C:\xampp\htdocs\Cukkuboo_BE\cukkuboo-php\index.php(59): CodeIgniter\Boot::bootWeb(Object(Config\Paths))
#14 {main}
CRITICAL - 2025-08-01 05:14:50 --> CodeIgniter\Database\Exceptions\DatabaseException: Column 'stripe_price_id' cannot be null
[Method: POST, Route: usersub/save]
in SYSTEMPATH\Database\BaseConnection.php on line 692.
 1 SYSTEMPATH\Database\BaseBuilder.php(2345): CodeIgniter\Database\BaseConnection->query('INSERT INTO `user_subscription` (`user_id`, `subscriptionplan_id`, `plan_name`, `price`, `start_date`, `end_date`, `status`, `stripe_price_id`, `created_on`, `created_by`, `modify_on`, `modify_by`) VALUES (:user_id:, :subscriptionplan_id:, :plan_name:, :price:, :start_date:, :end_date:, :status:, :stripe_price_id:, :created_on:, :created_by:, :modify_on:, :modify_by:)', [...], false)
 2 SYSTEMPATH\Model.php(394): CodeIgniter\Database\BaseBuilder->insert()
 3 SYSTEMPATH\BaseModel.php(843): CodeIgniter\Model->doInsert([...])
 4 SYSTEMPATH\Model.php(800): CodeIgniter\BaseModel->insert([...], true)
 5 APPPATH\Controllers\Usersub.php(125): CodeIgniter\Model->insert([...])
 6 SYSTEMPATH\CodeIgniter.php(933): App\Controllers\Usersub->createSubscribe()
 7 SYSTEMPATH\CodeIgniter.php(507): CodeIgniter\CodeIgniter->runController(Object(App\Controllers\Usersub))
 8 SYSTEMPATH\CodeIgniter.php(354): CodeIgniter\CodeIgniter->handleRequest(null, Object(Config\Cache), false)
 9 SYSTEMPATH\Boot.php(334): CodeIgniter\CodeIgniter->run()
10 SYSTEMPATH\Boot.php(67): CodeIgniter\Boot::runCodeIgniter(Object(CodeIgniter\CodeIgniter))
11 FCPATH\index.php(59): CodeIgniter\Boot::bootWeb(Object(Config\Paths))
CRITICAL - 2025-08-01 05:14:50 --> [Caused by] CodeIgniter\Database\Exceptions\DatabaseException: Column 'stripe_price_id' cannot be null
in SYSTEMPATH\Database\MySQLi\Connection.php on line 332.
 1 SYSTEMPATH\Database\BaseConnection.php(738): CodeIgniter\Database\MySQLi\Connection->execute('INSERT INTO `user_subscription` (`user_id`, `subscriptionplan_id`, `plan_name`, `price`, `start_date`, `end_date`, `status`, `stripe_price_id`, `created_on`, `created_by`, `modify_on`, `modify_by`) VALUES (\'29\', 76, \'3 days\', 10, \'2025-08-01\', \'2025-08-04\', 1, NULL, \'2025-08-01 05:14:50\', \'29\', \'2025-08-01 05:14:50\', \'29\')')
 2 SYSTEMPATH\Database\BaseConnection.php(652): CodeIgniter\Database\BaseConnection->simpleQuery('INSERT INTO `user_subscription` (`user_id`, `subscriptionplan_id`, `plan_name`, `price`, `start_date`, `end_date`, `status`, `stripe_price_id`, `created_on`, `created_by`, `modify_on`, `modify_by`) VALUES (\'29\', 76, \'3 days\', 10, \'2025-08-01\', \'2025-08-04\', 1, NULL, \'2025-08-01 05:14:50\', \'29\', \'2025-08-01 05:14:50\', \'29\')')
 3 SYSTEMPATH\Database\BaseBuilder.php(2345): CodeIgniter\Database\BaseConnection->query('INSERT INTO `user_subscription` (`user_id`, `subscriptionplan_id`, `plan_name`, `price`, `start_date`, `end_date`, `status`, `stripe_price_id`, `created_on`, `created_by`, `modify_on`, `modify_by`) VALUES (:user_id:, :subscriptionplan_id:, :plan_name:, :price:, :start_date:, :end_date:, :status:, :stripe_price_id:, :created_on:, :created_by:, :modify_on:, :modify_by:)', [...], false)
 4 SYSTEMPATH\Model.php(394): CodeIgniter\Database\BaseBuilder->insert()
 5 SYSTEMPATH\BaseModel.php(843): CodeIgniter\Model->doInsert([...])
 6 SYSTEMPATH\Model.php(800): CodeIgniter\BaseModel->insert([...], true)
 7 APPPATH\Controllers\Usersub.php(125): CodeIgniter\Model->insert([...])
 8 SYSTEMPATH\CodeIgniter.php(933): App\Controllers\Usersub->createSubscribe()
 9 SYSTEMPATH\CodeIgniter.php(507): CodeIgniter\CodeIgniter->runController(Object(App\Controllers\Usersub))
10 SYSTEMPATH\CodeIgniter.php(354): CodeIgniter\CodeIgniter->handleRequest(null, Object(Config\Cache), false)
11 SYSTEMPATH\Boot.php(334): CodeIgniter\CodeIgniter->run()
12 SYSTEMPATH\Boot.php(67): CodeIgniter\Boot::runCodeIgniter(Object(CodeIgniter\CodeIgniter))
13 FCPATH\index.php(59): CodeIgniter\Boot::bootWeb(Object(Config\Paths))
CRITICAL - 2025-08-01 05:14:50 --> [Caused by] mysqli_sql_exception: Column 'stripe_price_id' cannot be null
in SYSTEMPATH\Database\MySQLi\Connection.php on line 327.
 1 SYSTEMPATH\Database\MySQLi\Connection.php(327): mysqli->query('INSERT INTO `user_subscription` (`user_id`, `subscriptionplan_id`, `plan_name`, `price`, `start_date`, `end_date`, `status`, `stripe_price_id`, `created_on`, `created_by`, `modify_on`, `modify_by`) VALUES (\'29\', 76, \'3 days\', 10, \'2025-08-01\', \'2025-08-04\', 1, NULL, \'2025-08-01 05:14:50\', \'29\', \'2025-08-01 05:14:50\', \'29\')', 0)
 2 SYSTEMPATH\Database\BaseConnection.php(738): CodeIgniter\Database\MySQLi\Connection->execute('INSERT INTO `user_subscription` (`user_id`, `subscriptionplan_id`, `plan_name`, `price`, `start_date`, `end_date`, `status`, `stripe_price_id`, `created_on`, `created_by`, `modify_on`, `modify_by`) VALUES (\'29\', 76, \'3 days\', 10, \'2025-08-01\', \'2025-08-04\', 1, NULL, \'2025-08-01 05:14:50\', \'29\', \'2025-08-01 05:14:50\', \'29\')')
 3 SYSTEMPATH\Database\BaseConnection.php(652): CodeIgniter\Database\BaseConnection->simpleQuery('INSERT INTO `user_subscription` (`user_id`, `subscriptionplan_id`, `plan_name`, `price`, `start_date`, `end_date`, `status`, `stripe_price_id`, `created_on`, `created_by`, `modify_on`, `modify_by`) VALUES (\'29\', 76, \'3 days\', 10, \'2025-08-01\', \'2025-08-04\', 1, NULL, \'2025-08-01 05:14:50\', \'29\', \'2025-08-01 05:14:50\', \'29\')')
 4 SYSTEMPATH\Database\BaseBuilder.php(2345): CodeIgniter\Database\BaseConnection->query('INSERT INTO `user_subscription` (`user_id`, `subscriptionplan_id`, `plan_name`, `price`, `start_date`, `end_date`, `status`, `stripe_price_id`, `created_on`, `created_by`, `modify_on`, `modify_by`) VALUES (:user_id:, :subscriptionplan_id:, :plan_name:, :price:, :start_date:, :end_date:, :status:, :stripe_price_id:, :created_on:, :created_by:, :modify_on:, :modify_by:)', [...], false)
 5 SYSTEMPATH\Model.php(394): CodeIgniter\Database\BaseBuilder->insert()
 6 SYSTEMPATH\BaseModel.php(843): CodeIgniter\Model->doInsert([...])
 7 SYSTEMPATH\Model.php(800): CodeIgniter\BaseModel->insert([...], true)
 8 APPPATH\Controllers\Usersub.php(125): CodeIgniter\Model->insert([...])
 9 SYSTEMPATH\CodeIgniter.php(933): App\Controllers\Usersub->createSubscribe()
10 SYSTEMPATH\CodeIgniter.php(507): CodeIgniter\CodeIgniter->runController(Object(App\Controllers\Usersub))
11 SYSTEMPATH\CodeIgniter.php(354): CodeIgniter\CodeIgniter->handleRequest(null, Object(Config\Cache), false)
12 SYSTEMPATH\Boot.php(334): CodeIgniter\CodeIgniter->run()
13 SYSTEMPATH\Boot.php(67): CodeIgniter\Boot::runCodeIgniter(Object(CodeIgniter\CodeIgniter))
14 FCPATH\index.php(59): CodeIgniter\Boot::bootWeb(Object(Config\Paths))
DEBUG - 2025-08-01 05:16:38 --> Session: Class initialized using 'CodeIgniter\Session\Handlers\FileHandler' driver.
WARNING - 2025-08-01 05:16:38 --> [DEPRECATED] Creation of dynamic property App\Controllers\Usersub::$session is deprecated in APPPATH\Controllers\Usersub.php on line 19.
 1 SYSTEMPATH\CodeIgniter.php(903): App\Controllers\Usersub->__construct()
 2 SYSTEMPATH\CodeIgniter.php(498): CodeIgniter\CodeIgniter->createController()
 3 SYSTEMPATH\CodeIgniter.php(354): CodeIgniter\CodeIgniter->handleRequest(null, Object(Config\Cache), false)
 4 SYSTEMPATH\Boot.php(334): CodeIgniter\CodeIgniter->run()
 5 SYSTEMPATH\Boot.php(67): CodeIgniter\Boot::runCodeIgniter(Object(CodeIgniter\CodeIgniter))
 6 FCPATH\index.php(59): CodeIgniter\Boot::bootWeb(Object(Config\Paths))
WARNING - 2025-08-01 05:16:38 --> [DEPRECATED] Creation of dynamic property App\Controllers\Usersub::$input is deprecated in APPPATH\Controllers\Usersub.php on line 20.
 1 SYSTEMPATH\CodeIgniter.php(903): App\Controllers\Usersub->__construct()
 2 SYSTEMPATH\CodeIgniter.php(498): CodeIgniter\CodeIgniter->createController()
 3 SYSTEMPATH\CodeIgniter.php(354): CodeIgniter\CodeIgniter->handleRequest(null, Object(Config\Cache), false)
 4 SYSTEMPATH\Boot.php(334): CodeIgniter\CodeIgniter->run()
 5 SYSTEMPATH\Boot.php(67): CodeIgniter\Boot::runCodeIgniter(Object(CodeIgniter\CodeIgniter))
 6 FCPATH\index.php(59): CodeIgniter\Boot::bootWeb(Object(Config\Paths))
WARNING - 2025-08-01 05:16:38 --> [DEPRECATED] Creation of dynamic property App\Controllers\Usersub::$authService is deprecated in APPPATH\Controllers\Usersub.php on line 21.
 1 SYSTEMPATH\CodeIgniter.php(903): App\Controllers\Usersub->__construct()
 2 SYSTEMPATH\CodeIgniter.php(498): CodeIgniter\CodeIgniter->createController()
 3 SYSTEMPATH\CodeIgniter.php(354): CodeIgniter\CodeIgniter->handleRequest(null, Object(Config\Cache), false)
 4 SYSTEMPATH\Boot.php(334): CodeIgniter\CodeIgniter->run()
 5 SYSTEMPATH\Boot.php(67): CodeIgniter\Boot::runCodeIgniter(Object(CodeIgniter\CodeIgniter))
 6 FCPATH\index.php(59): CodeIgniter\Boot::bootWeb(Object(Config\Paths))
WARNING - 2025-08-01 05:16:38 --> [DEPRECATED] Creation of dynamic property App\Controllers\Usersub::$userModel is deprecated in APPPATH\Controllers\Usersub.php on line 24.
 1 SYSTEMPATH\CodeIgniter.php(903): App\Controllers\Usersub->__construct()
 2 SYSTEMPATH\CodeIgniter.php(498): CodeIgniter\CodeIgniter->createController()
 3 SYSTEMPATH\CodeIgniter.php(354): CodeIgniter\CodeIgniter->handleRequest(null, Object(Config\Cache), false)
 4 SYSTEMPATH\Boot.php(334): CodeIgniter\CodeIgniter->run()
 5 SYSTEMPATH\Boot.php(67): CodeIgniter\Boot::runCodeIgniter(Object(CodeIgniter\CodeIgniter))
 6 FCPATH\index.php(59): CodeIgniter\Boot::bootWeb(Object(Config\Paths))
DEBUG - 2025-08-01 05:17:27 --> Session: Class initialized using 'CodeIgniter\Session\Handlers\FileHandler' driver.
WARNING - 2025-08-01 05:17:27 --> [DEPRECATED] Creation of dynamic property App\Controllers\Usersub::$session is deprecated in APPPATH\Controllers\Usersub.php on line 19.
 1 SYSTEMPATH\CodeIgniter.php(903): App\Controllers\Usersub->__construct()
 2 SYSTEMPATH\CodeIgniter.php(498): CodeIgniter\CodeIgniter->createController()
 3 SYSTEMPATH\CodeIgniter.php(354): CodeIgniter\CodeIgniter->handleRequest(null, Object(Config\Cache), false)
 4 SYSTEMPATH\Boot.php(334): CodeIgniter\CodeIgniter->run()
 5 SYSTEMPATH\Boot.php(67): CodeIgniter\Boot::runCodeIgniter(Object(CodeIgniter\CodeIgniter))
 6 FCPATH\index.php(59): CodeIgniter\Boot::bootWeb(Object(Config\Paths))
WARNING - 2025-08-01 05:17:27 --> [DEPRECATED] Creation of dynamic property App\Controllers\Usersub::$input is deprecated in APPPATH\Controllers\Usersub.php on line 20.
 1 SYSTEMPATH\CodeIgniter.php(903): App\Controllers\Usersub->__construct()
 2 SYSTEMPATH\CodeIgniter.php(498): CodeIgniter\CodeIgniter->createController()
 3 SYSTEMPATH\CodeIgniter.php(354): CodeIgniter\CodeIgniter->handleRequest(null, Object(Config\Cache), false)
 4 SYSTEMPATH\Boot.php(334): CodeIgniter\CodeIgniter->run()
 5 SYSTEMPATH\Boot.php(67): CodeIgniter\Boot::runCodeIgniter(Object(CodeIgniter\CodeIgniter))
 6 FCPATH\index.php(59): CodeIgniter\Boot::bootWeb(Object(Config\Paths))
WARNING - 2025-08-01 05:17:27 --> [DEPRECATED] Creation of dynamic property App\Controllers\Usersub::$authService is deprecated in APPPATH\Controllers\Usersub.php on line 21.
 1 SYSTEMPATH\CodeIgniter.php(903): App\Controllers\Usersub->__construct()
 2 SYSTEMPATH\CodeIgniter.php(498): CodeIgniter\CodeIgniter->createController()
 3 SYSTEMPATH\CodeIgniter.php(354): CodeIgniter\CodeIgniter->handleRequest(null, Object(Config\Cache), false)
 4 SYSTEMPATH\Boot.php(334): CodeIgniter\CodeIgniter->run()
 5 SYSTEMPATH\Boot.php(67): CodeIgniter\Boot::runCodeIgniter(Object(CodeIgniter\CodeIgniter))
 6 FCPATH\index.php(59): CodeIgniter\Boot::bootWeb(Object(Config\Paths))
WARNING - 2025-08-01 05:17:27 --> [DEPRECATED] Creation of dynamic property App\Controllers\Usersub::$userModel is deprecated in APPPATH\Controllers\Usersub.php on line 24.
 1 SYSTEMPATH\CodeIgniter.php(903): App\Controllers\Usersub->__construct()
 2 SYSTEMPATH\CodeIgniter.php(498): CodeIgniter\CodeIgniter->createController()
 3 SYSTEMPATH\CodeIgniter.php(354): CodeIgniter\CodeIgniter->handleRequest(null, Object(Config\Cache), false)
 4 SYSTEMPATH\Boot.php(334): CodeIgniter\CodeIgniter->run()
 5 SYSTEMPATH\Boot.php(67): CodeIgniter\Boot::runCodeIgniter(Object(CodeIgniter\CodeIgniter))
 6 FCPATH\index.php(59): CodeIgniter\Boot::bootWeb(Object(Config\Paths))
DEBUG - 2025-08-01 05:17:57 --> Session: Class initialized using 'CodeIgniter\Session\Handlers\FileHandler' driver.
WARNING - 2025-08-01 05:17:57 --> [DEPRECATED] Creation of dynamic property App\Controllers\Usersub::$session is deprecated in APPPATH\Controllers\Usersub.php on line 19.
 1 SYSTEMPATH\CodeIgniter.php(903): App\Controllers\Usersub->__construct()
 2 SYSTEMPATH\CodeIgniter.php(498): CodeIgniter\CodeIgniter->createController()
 3 SYSTEMPATH\CodeIgniter.php(354): CodeIgniter\CodeIgniter->handleRequest(null, Object(Config\Cache), false)
 4 SYSTEMPATH\Boot.php(334): CodeIgniter\CodeIgniter->run()
 5 SYSTEMPATH\Boot.php(67): CodeIgniter\Boot::runCodeIgniter(Object(CodeIgniter\CodeIgniter))
 6 FCPATH\index.php(59): CodeIgniter\Boot::bootWeb(Object(Config\Paths))
WARNING - 2025-08-01 05:17:57 --> [DEPRECATED] Creation of dynamic property App\Controllers\Usersub::$input is deprecated in APPPATH\Controllers\Usersub.php on line 20.
 1 SYSTEMPATH\CodeIgniter.php(903): App\Controllers\Usersub->__construct()
 2 SYSTEMPATH\CodeIgniter.php(498): CodeIgniter\CodeIgniter->createController()
 3 SYSTEMPATH\CodeIgniter.php(354): CodeIgniter\CodeIgniter->handleRequest(null, Object(Config\Cache), false)
 4 SYSTEMPATH\Boot.php(334): CodeIgniter\CodeIgniter->run()
 5 SYSTEMPATH\Boot.php(67): CodeIgniter\Boot::runCodeIgniter(Object(CodeIgniter\CodeIgniter))
 6 FCPATH\index.php(59): CodeIgniter\Boot::bootWeb(Object(Config\Paths))
WARNING - 2025-08-01 05:17:57 --> [DEPRECATED] Creation of dynamic property App\Controllers\Usersub::$authService is deprecated in APPPATH\Controllers\Usersub.php on line 21.
 1 SYSTEMPATH\CodeIgniter.php(903): App\Controllers\Usersub->__construct()
 2 SYSTEMPATH\CodeIgniter.php(498): CodeIgniter\CodeIgniter->createController()
 3 SYSTEMPATH\CodeIgniter.php(354): CodeIgniter\CodeIgniter->handleRequest(null, Object(Config\Cache), false)
 4 SYSTEMPATH\Boot.php(334): CodeIgniter\CodeIgniter->run()
 5 SYSTEMPATH\Boot.php(67): CodeIgniter\Boot::runCodeIgniter(Object(CodeIgniter\CodeIgniter))
 6 FCPATH\index.php(59): CodeIgniter\Boot::bootWeb(Object(Config\Paths))
WARNING - 2025-08-01 05:17:57 --> [DEPRECATED] Creation of dynamic property App\Controllers\Usersub::$userModel is deprecated in APPPATH\Controllers\Usersub.php on line 24.
 1 SYSTEMPATH\CodeIgniter.php(903): App\Controllers\Usersub->__construct()
 2 SYSTEMPATH\CodeIgniter.php(498): CodeIgniter\CodeIgniter->createController()
 3 SYSTEMPATH\CodeIgniter.php(354): CodeIgniter\CodeIgniter->handleRequest(null, Object(Config\Cache), false)
 4 SYSTEMPATH\Boot.php(334): CodeIgniter\CodeIgniter->run()
 5 SYSTEMPATH\Boot.php(67): CodeIgniter\Boot::runCodeIgniter(Object(CodeIgniter\CodeIgniter))
 6 FCPATH\index.php(59): CodeIgniter\Boot::bootWeb(Object(Config\Paths))
DEBUG - 2025-08-01 05:18:07 --> Session: Class initialized using 'CodeIgniter\Session\Handlers\FileHandler' driver.
WARNING - 2025-08-01 05:18:07 --> [DEPRECATED] Creation of dynamic property App\Controllers\Usersub::$session is deprecated in APPPATH\Controllers\Usersub.php on line 19.
 1 SYSTEMPATH\CodeIgniter.php(903): App\Controllers\Usersub->__construct()
 2 SYSTEMPATH\CodeIgniter.php(498): CodeIgniter\CodeIgniter->createController()
 3 SYSTEMPATH\CodeIgniter.php(354): CodeIgniter\CodeIgniter->handleRequest(null, Object(Config\Cache), false)
 4 SYSTEMPATH\Boot.php(334): CodeIgniter\CodeIgniter->run()
 5 SYSTEMPATH\Boot.php(67): CodeIgniter\Boot::runCodeIgniter(Object(CodeIgniter\CodeIgniter))
 6 FCPATH\index.php(59): CodeIgniter\Boot::bootWeb(Object(Config\Paths))
WARNING - 2025-08-01 05:18:07 --> [DEPRECATED] Creation of dynamic property App\Controllers\Usersub::$input is deprecated in APPPATH\Controllers\Usersub.php on line 20.
 1 SYSTEMPATH\CodeIgniter.php(903): App\Controllers\Usersub->__construct()
 2 SYSTEMPATH\CodeIgniter.php(498): CodeIgniter\CodeIgniter->createController()
 3 SYSTEMPATH\CodeIgniter.php(354): CodeIgniter\CodeIgniter->handleRequest(null, Object(Config\Cache), false)
 4 SYSTEMPATH\Boot.php(334): CodeIgniter\CodeIgniter->run()
 5 SYSTEMPATH\Boot.php(67): CodeIgniter\Boot::runCodeIgniter(Object(CodeIgniter\CodeIgniter))
 6 FCPATH\index.php(59): CodeIgniter\Boot::bootWeb(Object(Config\Paths))
WARNING - 2025-08-01 05:18:07 --> [DEPRECATED] Creation of dynamic property App\Controllers\Usersub::$authService is deprecated in APPPATH\Controllers\Usersub.php on line 21.
 1 SYSTEMPATH\CodeIgniter.php(903): App\Controllers\Usersub->__construct()
 2 SYSTEMPATH\CodeIgniter.php(498): CodeIgniter\CodeIgniter->createController()
 3 SYSTEMPATH\CodeIgniter.php(354): CodeIgniter\CodeIgniter->handleRequest(null, Object(Config\Cache), false)
 4 SYSTEMPATH\Boot.php(334): CodeIgniter\CodeIgniter->run()
 5 SYSTEMPATH\Boot.php(67): CodeIgniter\Boot::runCodeIgniter(Object(CodeIgniter\CodeIgniter))
 6 FCPATH\index.php(59): CodeIgniter\Boot::bootWeb(Object(Config\Paths))
WARNING - 2025-08-01 05:18:07 --> [DEPRECATED] Creation of dynamic property App\Controllers\Usersub::$userModel is deprecated in APPPATH\Controllers\Usersub.php on line 24.
 1 SYSTEMPATH\CodeIgniter.php(903): App\Controllers\Usersub->__construct()
 2 SYSTEMPATH\CodeIgniter.php(498): CodeIgniter\CodeIgniter->createController()
 3 SYSTEMPATH\CodeIgniter.php(354): CodeIgniter\CodeIgniter->handleRequest(null, Object(Config\Cache), false)
 4 SYSTEMPATH\Boot.php(334): CodeIgniter\CodeIgniter->run()
 5 SYSTEMPATH\Boot.php(67): CodeIgniter\Boot::runCodeIgniter(Object(CodeIgniter\CodeIgniter))
 6 FCPATH\index.php(59): CodeIgniter\Boot::bootWeb(Object(Config\Paths))
DEBUG - 2025-08-01 05:19:24 --> Session: Class initialized using 'CodeIgniter\Session\Handlers\FileHandler' driver.
WARNING - 2025-08-01 05:19:24 --> [DEPRECATED] Creation of dynamic property App\Controllers\Usersub::$session is deprecated in APPPATH\Controllers\Usersub.php on line 19.
 1 SYSTEMPATH\CodeIgniter.php(903): App\Controllers\Usersub->__construct()
 2 SYSTEMPATH\CodeIgniter.php(498): CodeIgniter\CodeIgniter->createController()
 3 SYSTEMPATH\CodeIgniter.php(354): CodeIgniter\CodeIgniter->handleRequest(null, Object(Config\Cache), false)
 4 SYSTEMPATH\Boot.php(334): CodeIgniter\CodeIgniter->run()
 5 SYSTEMPATH\Boot.php(67): CodeIgniter\Boot::runCodeIgniter(Object(CodeIgniter\CodeIgniter))
 6 FCPATH\index.php(59): CodeIgniter\Boot::bootWeb(Object(Config\Paths))
WARNING - 2025-08-01 05:19:24 --> [DEPRECATED] Creation of dynamic property App\Controllers\Usersub::$input is deprecated in APPPATH\Controllers\Usersub.php on line 20.
 1 SYSTEMPATH\CodeIgniter.php(903): App\Controllers\Usersub->__construct()
 2 SYSTEMPATH\CodeIgniter.php(498): CodeIgniter\CodeIgniter->createController()
 3 SYSTEMPATH\CodeIgniter.php(354): CodeIgniter\CodeIgniter->handleRequest(null, Object(Config\Cache), false)
 4 SYSTEMPATH\Boot.php(334): CodeIgniter\CodeIgniter->run()
 5 SYSTEMPATH\Boot.php(67): CodeIgniter\Boot::runCodeIgniter(Object(CodeIgniter\CodeIgniter))
 6 FCPATH\index.php(59): CodeIgniter\Boot::bootWeb(Object(Config\Paths))
WARNING - 2025-08-01 05:19:24 --> [DEPRECATED] Creation of dynamic property App\Controllers\Usersub::$authService is deprecated in APPPATH\Controllers\Usersub.php on line 21.
 1 SYSTEMPATH\CodeIgniter.php(903): App\Controllers\Usersub->__construct()
 2 SYSTEMPATH\CodeIgniter.php(498): CodeIgniter\CodeIgniter->createController()
 3 SYSTEMPATH\CodeIgniter.php(354): CodeIgniter\CodeIgniter->handleRequest(null, Object(Config\Cache), false)
 4 SYSTEMPATH\Boot.php(334): CodeIgniter\CodeIgniter->run()
 5 SYSTEMPATH\Boot.php(67): CodeIgniter\Boot::runCodeIgniter(Object(CodeIgniter\CodeIgniter))
 6 FCPATH\index.php(59): CodeIgniter\Boot::bootWeb(Object(Config\Paths))
WARNING - 2025-08-01 05:19:24 --> [DEPRECATED] Creation of dynamic property App\Controllers\Usersub::$userModel is deprecated in APPPATH\Controllers\Usersub.php on line 24.
 1 SYSTEMPATH\CodeIgniter.php(903): App\Controllers\Usersub->__construct()
 2 SYSTEMPATH\CodeIgniter.php(498): CodeIgniter\CodeIgniter->createController()
 3 SYSTEMPATH\CodeIgniter.php(354): CodeIgniter\CodeIgniter->handleRequest(null, Object(Config\Cache), false)
 4 SYSTEMPATH\Boot.php(334): CodeIgniter\CodeIgniter->run()
 5 SYSTEMPATH\Boot.php(67): CodeIgniter\Boot::runCodeIgniter(Object(CodeIgniter\CodeIgniter))
 6 FCPATH\index.php(59): CodeIgniter\Boot::bootWeb(Object(Config\Paths))
DEBUG - 2025-08-01 05:21:35 --> Session: Class initialized using 'CodeIgniter\Session\Handlers\FileHandler' driver.
WARNING - 2025-08-01 05:21:35 --> [DEPRECATED] Creation of dynamic property App\Controllers\Usersub::$session is deprecated in APPPATH\Controllers\Usersub.php on line 19.
 1 SYSTEMPATH\CodeIgniter.php(903): App\Controllers\Usersub->__construct()
 2 SYSTEMPATH\CodeIgniter.php(498): CodeIgniter\CodeIgniter->createController()
 3 SYSTEMPATH\CodeIgniter.php(354): CodeIgniter\CodeIgniter->handleRequest(null, Object(Config\Cache), false)
 4 SYSTEMPATH\Boot.php(334): CodeIgniter\CodeIgniter->run()
 5 SYSTEMPATH\Boot.php(67): CodeIgniter\Boot::runCodeIgniter(Object(CodeIgniter\CodeIgniter))
 6 FCPATH\index.php(59): CodeIgniter\Boot::bootWeb(Object(Config\Paths))
WARNING - 2025-08-01 05:21:35 --> [DEPRECATED] Creation of dynamic property App\Controllers\Usersub::$input is deprecated in APPPATH\Controllers\Usersub.php on line 20.
 1 SYSTEMPATH\CodeIgniter.php(903): App\Controllers\Usersub->__construct()
 2 SYSTEMPATH\CodeIgniter.php(498): CodeIgniter\CodeIgniter->createController()
 3 SYSTEMPATH\CodeIgniter.php(354): CodeIgniter\CodeIgniter->handleRequest(null, Object(Config\Cache), false)
 4 SYSTEMPATH\Boot.php(334): CodeIgniter\CodeIgniter->run()
 5 SYSTEMPATH\Boot.php(67): CodeIgniter\Boot::runCodeIgniter(Object(CodeIgniter\CodeIgniter))
 6 FCPATH\index.php(59): CodeIgniter\Boot::bootWeb(Object(Config\Paths))
WARNING - 2025-08-01 05:21:35 --> [DEPRECATED] Creation of dynamic property App\Controllers\Usersub::$authService is deprecated in APPPATH\Controllers\Usersub.php on line 21.
 1 SYSTEMPATH\CodeIgniter.php(903): App\Controllers\Usersub->__construct()
 2 SYSTEMPATH\CodeIgniter.php(498): CodeIgniter\CodeIgniter->createController()
 3 SYSTEMPATH\CodeIgniter.php(354): CodeIgniter\CodeIgniter->handleRequest(null, Object(Config\Cache), false)
 4 SYSTEMPATH\Boot.php(334): CodeIgniter\CodeIgniter->run()
 5 SYSTEMPATH\Boot.php(67): CodeIgniter\Boot::runCodeIgniter(Object(CodeIgniter\CodeIgniter))
 6 FCPATH\index.php(59): CodeIgniter\Boot::bootWeb(Object(Config\Paths))
WARNING - 2025-08-01 05:21:35 --> [DEPRECATED] Creation of dynamic property App\Controllers\Usersub::$userModel is deprecated in APPPATH\Controllers\Usersub.php on line 24.
 1 SYSTEMPATH\CodeIgniter.php(903): App\Controllers\Usersub->__construct()
 2 SYSTEMPATH\CodeIgniter.php(498): CodeIgniter\CodeIgniter->createController()
 3 SYSTEMPATH\CodeIgniter.php(354): CodeIgniter\CodeIgniter->handleRequest(null, Object(Config\Cache), false)
 4 SYSTEMPATH\Boot.php(334): CodeIgniter\CodeIgniter->run()
 5 SYSTEMPATH\Boot.php(67): CodeIgniter\Boot::runCodeIgniter(Object(CodeIgniter\CodeIgniter))
 6 FCPATH\index.php(59): CodeIgniter\Boot::bootWeb(Object(Config\Paths))
ERROR - 2025-08-01 05:21:35 --> mysqli_sql_exception: Unknown column 'stripe_price_id' in 'field list' in C:\xampp\htdocs\Cukkuboo_BE\cukkuboo-php\system\Database\MySQLi\Connection.php:327
Stack trace:
#0 C:\xampp\htdocs\Cukkuboo_BE\cukkuboo-php\system\Database\MySQLi\Connection.php(327): mysqli->query('INSERT INTO `us...', 0)
#1 C:\xampp\htdocs\Cukkuboo_BE\cukkuboo-php\system\Database\BaseConnection.php(738): CodeIgniter\Database\MySQLi\Connection->execute('INSERT INTO `us...')
#2 C:\xampp\htdocs\Cukkuboo_BE\cukkuboo-php\system\Database\BaseConnection.php(652): CodeIgniter\Database\BaseConnection->simpleQuery('INSERT INTO `us...')
#3 C:\xampp\htdocs\Cukkuboo_BE\cukkuboo-php\system\Database\BaseBuilder.php(2345): CodeIgniter\Database\BaseConnection->query('INSERT INTO `us...', Array, false)
#4 C:\xampp\htdocs\Cukkuboo_BE\cukkuboo-php\system\Model.php(394): CodeIgniter\Database\BaseBuilder->insert()
#5 C:\xampp\htdocs\Cukkuboo_BE\cukkuboo-php\system\BaseModel.php(843): CodeIgniter\Model->doInsert(Array)
#6 C:\xampp\htdocs\Cukkuboo_BE\cukkuboo-php\system\Model.php(800): CodeIgniter\BaseModel->insert(Array, true)
#7 C:\xampp\htdocs\Cukkuboo_BE\cukkuboo-php\app\Controllers\Usersub.php(129): CodeIgniter\Model->insert(Array)
#8 C:\xampp\htdocs\Cukkuboo_BE\cukkuboo-php\system\CodeIgniter.php(933): App\Controllers\Usersub->createSubscribe()
#9 C:\xampp\htdocs\Cukkuboo_BE\cukkuboo-php\system\CodeIgniter.php(507): CodeIgniter\CodeIgniter->runController(Object(App\Controllers\Usersub))
#10 C:\xampp\htdocs\Cukkuboo_BE\cukkuboo-php\system\CodeIgniter.php(354): CodeIgniter\CodeIgniter->handleRequest(NULL, Object(Config\Cache), false)
#11 C:\xampp\htdocs\Cukkuboo_BE\cukkuboo-php\system\Boot.php(334): CodeIgniter\CodeIgniter->run()
#12 C:\xampp\htdocs\Cukkuboo_BE\cukkuboo-php\system\Boot.php(67): CodeIgniter\Boot::runCodeIgniter(Object(CodeIgniter\CodeIgniter))
#13 C:\xampp\htdocs\Cukkuboo_BE\cukkuboo-php\index.php(59): CodeIgniter\Boot::bootWeb(Object(Config\Paths))
#14 {main}
CRITICAL - 2025-08-01 05:21:35 --> CodeIgniter\Database\Exceptions\DatabaseException: Unknown column 'stripe_price_id' in 'field list'
[Method: POST, Route: usersub/save]
in SYSTEMPATH\Database\BaseConnection.php on line 692.
 1 SYSTEMPATH\Database\BaseBuilder.php(2345): CodeIgniter\Database\BaseConnection->query('INSERT INTO `user_subscription` (`user_id`, `subscriptionplan_id`, `plan_name`, `price`, `start_date`, `end_date`, `status`, `stripe_price_id`, `created_on`, `created_by`, `modify_on`, `modify_by`) VALUES (:user_id:, :subscriptionplan_id:, :plan_name:, :price:, :start_date:, :end_date:, :status:, :stripe_price_id:, :created_on:, :created_by:, :modify_on:, :modify_by:)', [...], false)
 2 SYSTEMPATH\Model.php(394): CodeIgniter\Database\BaseBuilder->insert()
 3 SYSTEMPATH\BaseModel.php(843): CodeIgniter\Model->doInsert([...])
 4 SYSTEMPATH\Model.php(800): CodeIgniter\BaseModel->insert([...], true)
 5 APPPATH\Controllers\Usersub.php(129): CodeIgniter\Model->insert([...])
 6 SYSTEMPATH\CodeIgniter.php(933): App\Controllers\Usersub->createSubscribe()
 7 SYSTEMPATH\CodeIgniter.php(507): CodeIgniter\CodeIgniter->runController(Object(App\Controllers\Usersub))
 8 SYSTEMPATH\CodeIgniter.php(354): CodeIgniter\CodeIgniter->handleRequest(null, Object(Config\Cache), false)
 9 SYSTEMPATH\Boot.php(334): CodeIgniter\CodeIgniter->run()
10 SYSTEMPATH\Boot.php(67): CodeIgniter\Boot::runCodeIgniter(Object(CodeIgniter\CodeIgniter))
11 FCPATH\index.php(59): CodeIgniter\Boot::bootWeb(Object(Config\Paths))
CRITICAL - 2025-08-01 05:21:35 --> [Caused by] CodeIgniter\Database\Exceptions\DatabaseException: Unknown column 'stripe_price_id' in 'field list'
in SYSTEMPATH\Database\MySQLi\Connection.php on line 332.
 1 SYSTEMPATH\Database\BaseConnection.php(738): CodeIgniter\Database\MySQLi\Connection->execute('INSERT INTO `user_subscription` (`user_id`, `subscriptionplan_id`, `plan_name`, `price`, `start_date`, `end_date`, `status`, `stripe_price_id`, `created_on`, `created_by`, `modify_on`, `modify_by`) VALUES (\'29\', 77, \'1 Year\', 199, \'2025-08-01\', \'2026-02-17\', 1, \'price_1RoL9EAO6Wc6MO0EkUOWFnmE\', \'2025-08-01 05:21:35\', \'29\', \'2025-08-01 05:21:35\', \'29\')')
 2 SYSTEMPATH\Database\BaseConnection.php(652): CodeIgniter\Database\BaseConnection->simpleQuery('INSERT INTO `user_subscription` (`user_id`, `subscriptionplan_id`, `plan_name`, `price`, `start_date`, `end_date`, `status`, `stripe_price_id`, `created_on`, `created_by`, `modify_on`, `modify_by`) VALUES (\'29\', 77, \'1 Year\', 199, \'2025-08-01\', \'2026-02-17\', 1, \'price_1RoL9EAO6Wc6MO0EkUOWFnmE\', \'2025-08-01 05:21:35\', \'29\', \'2025-08-01 05:21:35\', \'29\')')
 3 SYSTEMPATH\Database\BaseBuilder.php(2345): CodeIgniter\Database\BaseConnection->query('INSERT INTO `user_subscription` (`user_id`, `subscriptionplan_id`, `plan_name`, `price`, `start_date`, `end_date`, `status`, `stripe_price_id`, `created_on`, `created_by`, `modify_on`, `modify_by`) VALUES (:user_id:, :subscriptionplan_id:, :plan_name:, :price:, :start_date:, :end_date:, :status:, :stripe_price_id:, :created_on:, :created_by:, :modify_on:, :modify_by:)', [...], false)
 4 SYSTEMPATH\Model.php(394): CodeIgniter\Database\BaseBuilder->insert()
 5 SYSTEMPATH\BaseModel.php(843): CodeIgniter\Model->doInsert([...])
 6 SYSTEMPATH\Model.php(800): CodeIgniter\BaseModel->insert([...], true)
 7 APPPATH\Controllers\Usersub.php(129): CodeIgniter\Model->insert([...])
 8 SYSTEMPATH\CodeIgniter.php(933): App\Controllers\Usersub->createSubscribe()
 9 SYSTEMPATH\CodeIgniter.php(507): CodeIgniter\CodeIgniter->runController(Object(App\Controllers\Usersub))
10 SYSTEMPATH\CodeIgniter.php(354): CodeIgniter\CodeIgniter->handleRequest(null, Object(Config\Cache), false)
11 SYSTEMPATH\Boot.php(334): CodeIgniter\CodeIgniter->run()
12 SYSTEMPATH\Boot.php(67): CodeIgniter\Boot::runCodeIgniter(Object(CodeIgniter\CodeIgniter))
13 FCPATH\index.php(59): CodeIgniter\Boot::bootWeb(Object(Config\Paths))
CRITICAL - 2025-08-01 05:21:35 --> [Caused by] mysqli_sql_exception: Unknown column 'stripe_price_id' in 'field list'
in SYSTEMPATH\Database\MySQLi\Connection.php on line 327.
 1 SYSTEMPATH\Database\MySQLi\Connection.php(327): mysqli->query('INSERT INTO `user_subscription` (`user_id`, `subscriptionplan_id`, `plan_name`, `price`, `start_date`, `end_date`, `status`, `stripe_price_id`, `created_on`, `created_by`, `modify_on`, `modify_by`) VALUES (\'29\', 77, \'1 Year\', 199, \'2025-08-01\', \'2026-02-17\', 1, \'price_1RoL9EAO6Wc6MO0EkUOWFnmE\', \'2025-08-01 05:21:35\', \'29\', \'2025-08-01 05:21:35\', \'29\')', 0)
 2 SYSTEMPATH\Database\BaseConnection.php(738): CodeIgniter\Database\MySQLi\Connection->execute('INSERT INTO `user_subscription` (`user_id`, `subscriptionplan_id`, `plan_name`, `price`, `start_date`, `end_date`, `status`, `stripe_price_id`, `created_on`, `created_by`, `modify_on`, `modify_by`) VALUES (\'29\', 77, \'1 Year\', 199, \'2025-08-01\', \'2026-02-17\', 1, \'price_1RoL9EAO6Wc6MO0EkUOWFnmE\', \'2025-08-01 05:21:35\', \'29\', \'2025-08-01 05:21:35\', \'29\')')
 3 SYSTEMPATH\Database\BaseConnection.php(652): CodeIgniter\Database\BaseConnection->simpleQuery('INSERT INTO `user_subscription` (`user_id`, `subscriptionplan_id`, `plan_name`, `price`, `start_date`, `end_date`, `status`, `stripe_price_id`, `created_on`, `created_by`, `modify_on`, `modify_by`) VALUES (\'29\', 77, \'1 Year\', 199, \'2025-08-01\', \'2026-02-17\', 1, \'price_1RoL9EAO6Wc6MO0EkUOWFnmE\', \'2025-08-01 05:21:35\', \'29\', \'2025-08-01 05:21:35\', \'29\')')
 4 SYSTEMPATH\Database\BaseBuilder.php(2345): CodeIgniter\Database\BaseConnection->query('INSERT INTO `user_subscription` (`user_id`, `subscriptionplan_id`, `plan_name`, `price`, `start_date`, `end_date`, `status`, `stripe_price_id`, `created_on`, `created_by`, `modify_on`, `modify_by`) VALUES (:user_id:, :subscriptionplan_id:, :plan_name:, :price:, :start_date:, :end_date:, :status:, :stripe_price_id:, :created_on:, :created_by:, :modify_on:, :modify_by:)', [...], false)
 5 SYSTEMPATH\Model.php(394): CodeIgniter\Database\BaseBuilder->insert()
 6 SYSTEMPATH\BaseModel.php(843): CodeIgniter\Model->doInsert([...])
 7 SYSTEMPATH\Model.php(800): CodeIgniter\BaseModel->insert([...], true)
 8 APPPATH\Controllers\Usersub.php(129): CodeIgniter\Model->insert([...])
 9 SYSTEMPATH\CodeIgniter.php(933): App\Controllers\Usersub->createSubscribe()
10 SYSTEMPATH\CodeIgniter.php(507): CodeIgniter\CodeIgniter->runController(Object(App\Controllers\Usersub))
11 SYSTEMPATH\CodeIgniter.php(354): CodeIgniter\CodeIgniter->handleRequest(null, Object(Config\Cache), false)
12 SYSTEMPATH\Boot.php(334): CodeIgniter\CodeIgniter->run()
13 SYSTEMPATH\Boot.php(67): CodeIgniter\Boot::runCodeIgniter(Object(CodeIgniter\CodeIgniter))
14 FCPATH\index.php(59): CodeIgniter\Boot::bootWeb(Object(Config\Paths))
DEBUG - 2025-08-01 05:22:19 --> Session: Class initialized using 'CodeIgniter\Session\Handlers\FileHandler' driver.
WARNING - 2025-08-01 05:22:19 --> [DEPRECATED] Creation of dynamic property App\Controllers\Usersub::$session is deprecated in APPPATH\Controllers\Usersub.php on line 19.
 1 SYSTEMPATH\CodeIgniter.php(903): App\Controllers\Usersub->__construct()
 2 SYSTEMPATH\CodeIgniter.php(498): CodeIgniter\CodeIgniter->createController()
 3 SYSTEMPATH\CodeIgniter.php(354): CodeIgniter\CodeIgniter->handleRequest(null, Object(Config\Cache), false)
 4 SYSTEMPATH\Boot.php(334): CodeIgniter\CodeIgniter->run()
 5 SYSTEMPATH\Boot.php(67): CodeIgniter\Boot::runCodeIgniter(Object(CodeIgniter\CodeIgniter))
 6 FCPATH\index.php(59): CodeIgniter\Boot::bootWeb(Object(Config\Paths))
WARNING - 2025-08-01 05:22:19 --> [DEPRECATED] Creation of dynamic property App\Controllers\Usersub::$input is deprecated in APPPATH\Controllers\Usersub.php on line 20.
 1 SYSTEMPATH\CodeIgniter.php(903): App\Controllers\Usersub->__construct()
 2 SYSTEMPATH\CodeIgniter.php(498): CodeIgniter\CodeIgniter->createController()
 3 SYSTEMPATH\CodeIgniter.php(354): CodeIgniter\CodeIgniter->handleRequest(null, Object(Config\Cache), false)
 4 SYSTEMPATH\Boot.php(334): CodeIgniter\CodeIgniter->run()
 5 SYSTEMPATH\Boot.php(67): CodeIgniter\Boot::runCodeIgniter(Object(CodeIgniter\CodeIgniter))
 6 FCPATH\index.php(59): CodeIgniter\Boot::bootWeb(Object(Config\Paths))
WARNING - 2025-08-01 05:22:19 --> [DEPRECATED] Creation of dynamic property App\Controllers\Usersub::$authService is deprecated in APPPATH\Controllers\Usersub.php on line 21.
 1 SYSTEMPATH\CodeIgniter.php(903): App\Controllers\Usersub->__construct()
 2 SYSTEMPATH\CodeIgniter.php(498): CodeIgniter\CodeIgniter->createController()
 3 SYSTEMPATH\CodeIgniter.php(354): CodeIgniter\CodeIgniter->handleRequest(null, Object(Config\Cache), false)
 4 SYSTEMPATH\Boot.php(334): CodeIgniter\CodeIgniter->run()
 5 SYSTEMPATH\Boot.php(67): CodeIgniter\Boot::runCodeIgniter(Object(CodeIgniter\CodeIgniter))
 6 FCPATH\index.php(59): CodeIgniter\Boot::bootWeb(Object(Config\Paths))
WARNING - 2025-08-01 05:22:19 --> [DEPRECATED] Creation of dynamic property App\Controllers\Usersub::$userModel is deprecated in APPPATH\Controllers\Usersub.php on line 24.
 1 SYSTEMPATH\CodeIgniter.php(903): App\Controllers\Usersub->__construct()
 2 SYSTEMPATH\CodeIgniter.php(498): CodeIgniter\CodeIgniter->createController()
 3 SYSTEMPATH\CodeIgniter.php(354): CodeIgniter\CodeIgniter->handleRequest(null, Object(Config\Cache), false)
 4 SYSTEMPATH\Boot.php(334): CodeIgniter\CodeIgniter->run()
 5 SYSTEMPATH\Boot.php(67): CodeIgniter\Boot::runCodeIgniter(Object(CodeIgniter\CodeIgniter))
 6 FCPATH\index.php(59): CodeIgniter\Boot::bootWeb(Object(Config\Paths))
ERROR - 2025-08-01 05:22:19 --> mysqli_sql_exception: Unknown column 'stripe_price_id' in 'field list' in C:\xampp\htdocs\Cukkuboo_BE\cukkuboo-php\system\Database\MySQLi\Connection.php:327
Stack trace:
#0 C:\xampp\htdocs\Cukkuboo_BE\cukkuboo-php\system\Database\MySQLi\Connection.php(327): mysqli->query('INSERT INTO `us...', 0)
#1 C:\xampp\htdocs\Cukkuboo_BE\cukkuboo-php\system\Database\BaseConnection.php(738): CodeIgniter\Database\MySQLi\Connection->execute('INSERT INTO `us...')
#2 C:\xampp\htdocs\Cukkuboo_BE\cukkuboo-php\system\Database\BaseConnection.php(652): CodeIgniter\Database\BaseConnection->simpleQuery('INSERT INTO `us...')
#3 C:\xampp\htdocs\Cukkuboo_BE\cukkuboo-php\system\Database\BaseBuilder.php(2345): CodeIgniter\Database\BaseConnection->query('INSERT INTO `us...', Array, false)
#4 C:\xampp\htdocs\Cukkuboo_BE\cukkuboo-php\system\Model.php(394): CodeIgniter\Database\BaseBuilder->insert()
#5 C:\xampp\htdocs\Cukkuboo_BE\cukkuboo-php\system\BaseModel.php(843): CodeIgniter\Model->doInsert(Array)
#6 C:\xampp\htdocs\Cukkuboo_BE\cukkuboo-php\system\Model.php(800): CodeIgniter\BaseModel->insert(Array, true)
#7 C:\xampp\htdocs\Cukkuboo_BE\cukkuboo-php\app\Controllers\Usersub.php(129): CodeIgniter\Model->insert(Array)
#8 C:\xampp\htdocs\Cukkuboo_BE\cukkuboo-php\system\CodeIgniter.php(933): App\Controllers\Usersub->createSubscribe()
#9 C:\xampp\htdocs\Cukkuboo_BE\cukkuboo-php\system\CodeIgniter.php(507): CodeIgniter\CodeIgniter->runController(Object(App\Controllers\Usersub))
#10 C:\xampp\htdocs\Cukkuboo_BE\cukkuboo-php\system\CodeIgniter.php(354): CodeIgniter\CodeIgniter->handleRequest(NULL, Object(Config\Cache), false)
#11 C:\xampp\htdocs\Cukkuboo_BE\cukkuboo-php\system\Boot.php(334): CodeIgniter\CodeIgniter->run()
#12 C:\xampp\htdocs\Cukkuboo_BE\cukkuboo-php\system\Boot.php(67): CodeIgniter\Boot::runCodeIgniter(Object(CodeIgniter\CodeIgniter))
#13 C:\xampp\htdocs\Cukkuboo_BE\cukkuboo-php\index.php(59): CodeIgniter\Boot::bootWeb(Object(Config\Paths))
#14 {main}
CRITICAL - 2025-08-01 05:22:19 --> CodeIgniter\Database\Exceptions\DatabaseException: Unknown column 'stripe_price_id' in 'field list'
[Method: POST, Route: usersub/save]
in SYSTEMPATH\Database\BaseConnection.php on line 692.
 1 SYSTEMPATH\Database\BaseBuilder.php(2345): CodeIgniter\Database\BaseConnection->query('INSERT INTO `user_subscription` (`user_id`, `subscriptionplan_id`, `plan_name`, `price`, `start_date`, `end_date`, `status`, `stripe_price_id`, `created_on`, `created_by`, `modify_on`, `modify_by`) VALUES (:user_id:, :subscriptionplan_id:, :plan_name:, :price:, :start_date:, :end_date:, :status:, :stripe_price_id:, :created_on:, :created_by:, :modify_on:, :modify_by:)', [...], false)
 2 SYSTEMPATH\Model.php(394): CodeIgniter\Database\BaseBuilder->insert()
 3 SYSTEMPATH\BaseModel.php(843): CodeIgniter\Model->doInsert([...])
 4 SYSTEMPATH\Model.php(800): CodeIgniter\BaseModel->insert([...], true)
 5 APPPATH\Controllers\Usersub.php(129): CodeIgniter\Model->insert([...])
 6 SYSTEMPATH\CodeIgniter.php(933): App\Controllers\Usersub->createSubscribe()
 7 SYSTEMPATH\CodeIgniter.php(507): CodeIgniter\CodeIgniter->runController(Object(App\Controllers\Usersub))
 8 SYSTEMPATH\CodeIgniter.php(354): CodeIgniter\CodeIgniter->handleRequest(null, Object(Config\Cache), false)
 9 SYSTEMPATH\Boot.php(334): CodeIgniter\CodeIgniter->run()
10 SYSTEMPATH\Boot.php(67): CodeIgniter\Boot::runCodeIgniter(Object(CodeIgniter\CodeIgniter))
11 FCPATH\index.php(59): CodeIgniter\Boot::bootWeb(Object(Config\Paths))
CRITICAL - 2025-08-01 05:22:19 --> [Caused by] CodeIgniter\Database\Exceptions\DatabaseException: Unknown column 'stripe_price_id' in 'field list'
in SYSTEMPATH\Database\MySQLi\Connection.php on line 332.
 1 SYSTEMPATH\Database\BaseConnection.php(738): CodeIgniter\Database\MySQLi\Connection->execute('INSERT INTO `user_subscription` (`user_id`, `subscriptionplan_id`, `plan_name`, `price`, `start_date`, `end_date`, `status`, `stripe_price_id`, `created_on`, `created_by`, `modify_on`, `modify_by`) VALUES (\'29\', 76, \'3 days\', 10, \'2025-08-01\', \'2025-08-04\', 1, \'price_1RoL9EAO6Wc6MO0EkUOWFnmE\', \'2025-08-01 05:22:19\', \'29\', \'2025-08-01 05:22:19\', \'29\')')
 2 SYSTEMPATH\Database\BaseConnection.php(652): CodeIgniter\Database\BaseConnection->simpleQuery('INSERT INTO `user_subscription` (`user_id`, `subscriptionplan_id`, `plan_name`, `price`, `start_date`, `end_date`, `status`, `stripe_price_id`, `created_on`, `created_by`, `modify_on`, `modify_by`) VALUES (\'29\', 76, \'3 days\', 10, \'2025-08-01\', \'2025-08-04\', 1, \'price_1RoL9EAO6Wc6MO0EkUOWFnmE\', \'2025-08-01 05:22:19\', \'29\', \'2025-08-01 05:22:19\', \'29\')')
 3 SYSTEMPATH\Database\BaseBuilder.php(2345): CodeIgniter\Database\BaseConnection->query('INSERT INTO `user_subscription` (`user_id`, `subscriptionplan_id`, `plan_name`, `price`, `start_date`, `end_date`, `status`, `stripe_price_id`, `created_on`, `created_by`, `modify_on`, `modify_by`) VALUES (:user_id:, :subscriptionplan_id:, :plan_name:, :price:, :start_date:, :end_date:, :status:, :stripe_price_id:, :created_on:, :created_by:, :modify_on:, :modify_by:)', [...], false)
 4 SYSTEMPATH\Model.php(394): CodeIgniter\Database\BaseBuilder->insert()
 5 SYSTEMPATH\BaseModel.php(843): CodeIgniter\Model->doInsert([...])
 6 SYSTEMPATH\Model.php(800): CodeIgniter\BaseModel->insert([...], true)
 7 APPPATH\Controllers\Usersub.php(129): CodeIgniter\Model->insert([...])
 8 SYSTEMPATH\CodeIgniter.php(933): App\Controllers\Usersub->createSubscribe()
 9 SYSTEMPATH\CodeIgniter.php(507): CodeIgniter\CodeIgniter->runController(Object(App\Controllers\Usersub))
10 SYSTEMPATH\CodeIgniter.php(354): CodeIgniter\CodeIgniter->handleRequest(null, Object(Config\Cache), false)
11 SYSTEMPATH\Boot.php(334): CodeIgniter\CodeIgniter->run()
12 SYSTEMPATH\Boot.php(67): CodeIgniter\Boot::runCodeIgniter(Object(CodeIgniter\CodeIgniter))
13 FCPATH\index.php(59): CodeIgniter\Boot::bootWeb(Object(Config\Paths))
CRITICAL - 2025-08-01 05:22:19 --> [Caused by] mysqli_sql_exception: Unknown column 'stripe_price_id' in 'field list'
in SYSTEMPATH\Database\MySQLi\Connection.php on line 327.
 1 SYSTEMPATH\Database\MySQLi\Connection.php(327): mysqli->query('INSERT INTO `user_subscription` (`user_id`, `subscriptionplan_id`, `plan_name`, `price`, `start_date`, `end_date`, `status`, `stripe_price_id`, `created_on`, `created_by`, `modify_on`, `modify_by`) VALUES (\'29\', 76, \'3 days\', 10, \'2025-08-01\', \'2025-08-04\', 1, \'price_1RoL9EAO6Wc6MO0EkUOWFnmE\', \'2025-08-01 05:22:19\', \'29\', \'2025-08-01 05:22:19\', \'29\')', 0)
 2 SYSTEMPATH\Database\BaseConnection.php(738): CodeIgniter\Database\MySQLi\Connection->execute('INSERT INTO `user_subscription` (`user_id`, `subscriptionplan_id`, `plan_name`, `price`, `start_date`, `end_date`, `status`, `stripe_price_id`, `created_on`, `created_by`, `modify_on`, `modify_by`) VALUES (\'29\', 76, \'3 days\', 10, \'2025-08-01\', \'2025-08-04\', 1, \'price_1RoL9EAO6Wc6MO0EkUOWFnmE\', \'2025-08-01 05:22:19\', \'29\', \'2025-08-01 05:22:19\', \'29\')')
 3 SYSTEMPATH\Database\BaseConnection.php(652): CodeIgniter\Database\BaseConnection->simpleQuery('INSERT INTO `user_subscription` (`user_id`, `subscriptionplan_id`, `plan_name`, `price`, `start_date`, `end_date`, `status`, `stripe_price_id`, `created_on`, `created_by`, `modify_on`, `modify_by`) VALUES (\'29\', 76, \'3 days\', 10, \'2025-08-01\', \'2025-08-04\', 1, \'price_1RoL9EAO6Wc6MO0EkUOWFnmE\', \'2025-08-01 05:22:19\', \'29\', \'2025-08-01 05:22:19\', \'29\')')
 4 SYSTEMPATH\Database\BaseBuilder.php(2345): CodeIgniter\Database\BaseConnection->query('INSERT INTO `user_subscription` (`user_id`, `subscriptionplan_id`, `plan_name`, `price`, `start_date`, `end_date`, `status`, `stripe_price_id`, `created_on`, `created_by`, `modify_on`, `modify_by`) VALUES (:user_id:, :subscriptionplan_id:, :plan_name:, :price:, :start_date:, :end_date:, :status:, :stripe_price_id:, :created_on:, :created_by:, :modify_on:, :modify_by:)', [...], false)
 5 SYSTEMPATH\Model.php(394): CodeIgniter\Database\BaseBuilder->insert()
 6 SYSTEMPATH\BaseModel.php(843): CodeIgniter\Model->doInsert([...])
 7 SYSTEMPATH\Model.php(800): CodeIgniter\BaseModel->insert([...], true)
 8 APPPATH\Controllers\Usersub.php(129): CodeIgniter\Model->insert([...])
 9 SYSTEMPATH\CodeIgniter.php(933): App\Controllers\Usersub->createSubscribe()
10 SYSTEMPATH\CodeIgniter.php(507): CodeIgniter\CodeIgniter->runController(Object(App\Controllers\Usersub))
11 SYSTEMPATH\CodeIgniter.php(354): CodeIgniter\CodeIgniter->handleRequest(null, Object(Config\Cache), false)
12 SYSTEMPATH\Boot.php(334): CodeIgniter\CodeIgniter->run()
13 SYSTEMPATH\Boot.php(67): CodeIgniter\Boot::runCodeIgniter(Object(CodeIgniter\CodeIgniter))
14 FCPATH\index.php(59): CodeIgniter\Boot::bootWeb(Object(Config\Paths))
DEBUG - 2025-08-01 05:23:08 --> Session: Class initialized using 'CodeIgniter\Session\Handlers\FileHandler' driver.
WARNING - 2025-08-01 05:23:08 --> [DEPRECATED] Creation of dynamic property App\Controllers\Usersub::$session is deprecated in APPPATH\Controllers\Usersub.php on line 19.
 1 SYSTEMPATH\CodeIgniter.php(903): App\Controllers\Usersub->__construct()
 2 SYSTEMPATH\CodeIgniter.php(498): CodeIgniter\CodeIgniter->createController()
 3 SYSTEMPATH\CodeIgniter.php(354): CodeIgniter\CodeIgniter->handleRequest(null, Object(Config\Cache), false)
 4 SYSTEMPATH\Boot.php(334): CodeIgniter\CodeIgniter->run()
 5 SYSTEMPATH\Boot.php(67): CodeIgniter\Boot::runCodeIgniter(Object(CodeIgniter\CodeIgniter))
 6 FCPATH\index.php(59): CodeIgniter\Boot::bootWeb(Object(Config\Paths))
WARNING - 2025-08-01 05:23:08 --> [DEPRECATED] Creation of dynamic property App\Controllers\Usersub::$input is deprecated in APPPATH\Controllers\Usersub.php on line 20.
 1 SYSTEMPATH\CodeIgniter.php(903): App\Controllers\Usersub->__construct()
 2 SYSTEMPATH\CodeIgniter.php(498): CodeIgniter\CodeIgniter->createController()
 3 SYSTEMPATH\CodeIgniter.php(354): CodeIgniter\CodeIgniter->handleRequest(null, Object(Config\Cache), false)
 4 SYSTEMPATH\Boot.php(334): CodeIgniter\CodeIgniter->run()
 5 SYSTEMPATH\Boot.php(67): CodeIgniter\Boot::runCodeIgniter(Object(CodeIgniter\CodeIgniter))
 6 FCPATH\index.php(59): CodeIgniter\Boot::bootWeb(Object(Config\Paths))
WARNING - 2025-08-01 05:23:08 --> [DEPRECATED] Creation of dynamic property App\Controllers\Usersub::$authService is deprecated in APPPATH\Controllers\Usersub.php on line 21.
 1 SYSTEMPATH\CodeIgniter.php(903): App\Controllers\Usersub->__construct()
 2 SYSTEMPATH\CodeIgniter.php(498): CodeIgniter\CodeIgniter->createController()
 3 SYSTEMPATH\CodeIgniter.php(354): CodeIgniter\CodeIgniter->handleRequest(null, Object(Config\Cache), false)
 4 SYSTEMPATH\Boot.php(334): CodeIgniter\CodeIgniter->run()
 5 SYSTEMPATH\Boot.php(67): CodeIgniter\Boot::runCodeIgniter(Object(CodeIgniter\CodeIgniter))
 6 FCPATH\index.php(59): CodeIgniter\Boot::bootWeb(Object(Config\Paths))
WARNING - 2025-08-01 05:23:08 --> [DEPRECATED] Creation of dynamic property App\Controllers\Usersub::$userModel is deprecated in APPPATH\Controllers\Usersub.php on line 24.
 1 SYSTEMPATH\CodeIgniter.php(903): App\Controllers\Usersub->__construct()
 2 SYSTEMPATH\CodeIgniter.php(498): CodeIgniter\CodeIgniter->createController()
 3 SYSTEMPATH\CodeIgniter.php(354): CodeIgniter\CodeIgniter->handleRequest(null, Object(Config\Cache), false)
 4 SYSTEMPATH\Boot.php(334): CodeIgniter\CodeIgniter->run()
 5 SYSTEMPATH\Boot.php(67): CodeIgniter\Boot::runCodeIgniter(Object(CodeIgniter\CodeIgniter))
 6 FCPATH\index.php(59): CodeIgniter\Boot::bootWeb(Object(Config\Paths))
DEBUG - 2025-08-01 06:49:40 --> Session: Class initialized using 'CodeIgniter\Session\Handlers\FileHandler' driver.
WARNING - 2025-08-01 06:49:40 --> [DEPRECATED] Creation of dynamic property App\Controllers\SubscriptionPlan::$session is deprecated in APPPATH\Controllers\SubscriptionPlan.php on line 17.
 1 SYSTEMPATH\CodeIgniter.php(903): App\Controllers\SubscriptionPlan->__construct()
 2 SYSTEMPATH\CodeIgniter.php(498): CodeIgniter\CodeIgniter->createController()
 3 SYSTEMPATH\CodeIgniter.php(354): CodeIgniter\CodeIgniter->handleRequest(null, Object(Config\Cache), false)
 4 SYSTEMPATH\Boot.php(334): CodeIgniter\CodeIgniter->run()
 5 SYSTEMPATH\Boot.php(67): CodeIgniter\Boot::runCodeIgniter(Object(CodeIgniter\CodeIgniter))
 6 FCPATH\index.php(59): CodeIgniter\Boot::bootWeb(Object(Config\Paths))
WARNING - 2025-08-01 06:49:40 --> [DEPRECATED] Creation of dynamic property App\Controllers\SubscriptionPlan::$input is deprecated in APPPATH\Controllers\SubscriptionPlan.php on line 18.
 1 SYSTEMPATH\CodeIgniter.php(903): App\Controllers\SubscriptionPlan->__construct()
 2 SYSTEMPATH\CodeIgniter.php(498): CodeIgniter\CodeIgniter->createController()
 3 SYSTEMPATH\CodeIgniter.php(354): CodeIgniter\CodeIgniter->handleRequest(null, Object(Config\Cache), false)
 4 SYSTEMPATH\Boot.php(334): CodeIgniter\CodeIgniter->run()
 5 SYSTEMPATH\Boot.php(67): CodeIgniter\Boot::runCodeIgniter(Object(CodeIgniter\CodeIgniter))
 6 FCPATH\index.php(59): CodeIgniter\Boot::bootWeb(Object(Config\Paths))
DEBUG - 2025-08-01 06:54:13 --> Session: Class initialized using 'CodeIgniter\Session\Handlers\FileHandler' driver.
WARNING - 2025-08-01 06:54:13 --> [DEPRECATED] Creation of dynamic property App\Controllers\SubscriptionPlan::$session is deprecated in APPPATH\Controllers\SubscriptionPlan.php on line 17.
 1 SYSTEMPATH\CodeIgniter.php(903): App\Controllers\SubscriptionPlan->__construct()
 2 SYSTEMPATH\CodeIgniter.php(498): CodeIgniter\CodeIgniter->createController()
 3 SYSTEMPATH\CodeIgniter.php(354): CodeIgniter\CodeIgniter->handleRequest(null, Object(Config\Cache), false)
 4 SYSTEMPATH\Boot.php(334): CodeIgniter\CodeIgniter->run()
 5 SYSTEMPATH\Boot.php(67): CodeIgniter\Boot::runCodeIgniter(Object(CodeIgniter\CodeIgniter))
 6 FCPATH\index.php(59): CodeIgniter\Boot::bootWeb(Object(Config\Paths))
WARNING - 2025-08-01 06:54:13 --> [DEPRECATED] Creation of dynamic property App\Controllers\SubscriptionPlan::$input is deprecated in APPPATH\Controllers\SubscriptionPlan.php on line 18.
 1 SYSTEMPATH\CodeIgniter.php(903): App\Controllers\SubscriptionPlan->__construct()
 2 SYSTEMPATH\CodeIgniter.php(498): CodeIgniter\CodeIgniter->createController()
 3 SYSTEMPATH\CodeIgniter.php(354): CodeIgniter\CodeIgniter->handleRequest(null, Object(Config\Cache), false)
 4 SYSTEMPATH\Boot.php(334): CodeIgniter\CodeIgniter->run()
 5 SYSTEMPATH\Boot.php(67): CodeIgniter\Boot::runCodeIgniter(Object(CodeIgniter\CodeIgniter))
 6 FCPATH\index.php(59): CodeIgniter\Boot::bootWeb(Object(Config\Paths))
DEBUG - 2025-08-01 06:54:21 --> Session: Class initialized using 'CodeIgniter\Session\Handlers\FileHandler' driver.
WARNING - 2025-08-01 06:54:21 --> [DEPRECATED] Creation of dynamic property App\Controllers\Login::$session is deprecated in APPPATH\Controllers\Login.php on line 20.
 1 SYSTEMPATH\CodeIgniter.php(903): App\Controllers\Login->__construct()
 2 SYSTEMPATH\CodeIgniter.php(498): CodeIgniter\CodeIgniter->createController()
 3 SYSTEMPATH\CodeIgniter.php(354): CodeIgniter\CodeIgniter->handleRequest(null, Object(Config\Cache), false)
 4 SYSTEMPATH\Boot.php(334): CodeIgniter\CodeIgniter->run()
 5 SYSTEMPATH\Boot.php(67): CodeIgniter\Boot::runCodeIgniter(Object(CodeIgniter\CodeIgniter))
 6 FCPATH\index.php(59): CodeIgniter\Boot::bootWeb(Object(Config\Paths))
WARNING - 2025-08-01 06:54:21 --> [DEPRECATED] Creation of dynamic property App\Controllers\Login::$input is deprecated in APPPATH\Controllers\Login.php on line 21.
 1 SYSTEMPATH\CodeIgniter.php(903): App\Controllers\Login->__construct()
 2 SYSTEMPATH\CodeIgniter.php(498): CodeIgniter\CodeIgniter->createController()
 3 SYSTEMPATH\CodeIgniter.php(354): CodeIgniter\CodeIgniter->handleRequest(null, Object(Config\Cache), false)
 4 SYSTEMPATH\Boot.php(334): CodeIgniter\CodeIgniter->run()
 5 SYSTEMPATH\Boot.php(67): CodeIgniter\Boot::runCodeIgniter(Object(CodeIgniter\CodeIgniter))
 6 FCPATH\index.php(59): CodeIgniter\Boot::bootWeb(Object(Config\Paths))
WARNING - 2025-08-01 06:54:21 --> [DEPRECATED] Creation of dynamic property App\Controllers\Login::$usersubModel is deprecated in APPPATH\Controllers\Login.php on line 23.
 1 SYSTEMPATH\CodeIgniter.php(903): App\Controllers\Login->__construct()
 2 SYSTEMPATH\CodeIgniter.php(498): CodeIgniter\CodeIgniter->createController()
 3 SYSTEMPATH\CodeIgniter.php(354): CodeIgniter\CodeIgniter->handleRequest(null, Object(Config\Cache), false)
 4 SYSTEMPATH\Boot.php(334): CodeIgniter\CodeIgniter->run()
 5 SYSTEMPATH\Boot.php(67): CodeIgniter\Boot::runCodeIgniter(Object(CodeIgniter\CodeIgniter))
 6 FCPATH\index.php(59): CodeIgniter\Boot::bootWeb(Object(Config\Paths))
WARNING - 2025-08-01 06:54:21 --> [DEPRECATED] Creation of dynamic property App\Controllers\Login::$subscriptionPlanModel is deprecated in APPPATH\Controllers\Login.php on line 24.
 1 SYSTEMPATH\CodeIgniter.php(903): App\Controllers\Login->__construct()
 2 SYSTEMPATH\CodeIgniter.php(498): CodeIgniter\CodeIgniter->createController()
 3 SYSTEMPATH\CodeIgniter.php(354): CodeIgniter\CodeIgniter->handleRequest(null, Object(Config\Cache), false)
 4 SYSTEMPATH\Boot.php(334): CodeIgniter\CodeIgniter->run()
 5 SYSTEMPATH\Boot.php(67): CodeIgniter\Boot::runCodeIgniter(Object(CodeIgniter\CodeIgniter))
 6 FCPATH\index.php(59): CodeIgniter\Boot::bootWeb(Object(Config\Paths))
WARNING - 2025-08-01 06:54:21 --> [DEPRECATED] Creation of dynamic property App\Controllers\Login::$userModel is deprecated in APPPATH\Controllers\Login.php on line 25.
 1 SYSTEMPATH\CodeIgniter.php(903): App\Controllers\Login->__construct()
 2 SYSTEMPATH\CodeIgniter.php(498): CodeIgniter\CodeIgniter->createController()
 3 SYSTEMPATH\CodeIgniter.php(354): CodeIgniter\CodeIgniter->handleRequest(null, Object(Config\Cache), false)
 4 SYSTEMPATH\Boot.php(334): CodeIgniter\CodeIgniter->run()
 5 SYSTEMPATH\Boot.php(67): CodeIgniter\Boot::runCodeIgniter(Object(CodeIgniter\CodeIgniter))
 6 FCPATH\index.php(59): CodeIgniter\Boot::bootWeb(Object(Config\Paths))
WARNING - 2025-08-01 06:54:21 --> [DEPRECATED] Creation of dynamic property App\Controllers\Login::$notificationModel is deprecated in APPPATH\Controllers\Login.php on line 26.
 1 SYSTEMPATH\CodeIgniter.php(903): App\Controllers\Login->__construct()
 2 SYSTEMPATH\CodeIgniter.php(498): CodeIgniter\CodeIgniter->createController()
 3 SYSTEMPATH\CodeIgniter.php(354): CodeIgniter\CodeIgniter->handleRequest(null, Object(Config\Cache), false)
 4 SYSTEMPATH\Boot.php(334): CodeIgniter\CodeIgniter->run()
 5 SYSTEMPATH\Boot.php(67): CodeIgniter\Boot::runCodeIgniter(Object(CodeIgniter\CodeIgniter))
 6 FCPATH\index.php(59): CodeIgniter\Boot::bootWeb(Object(Config\Paths))
DEBUG - 2025-08-01 06:54:42 --> Session: Class initialized using 'CodeIgniter\Session\Handlers\FileHandler' driver.
WARNING - 2025-08-01 06:54:42 --> [DEPRECATED] Creation of dynamic property App\Controllers\SubscriptionPlan::$session is deprecated in APPPATH\Controllers\SubscriptionPlan.php on line 17.
 1 SYSTEMPATH\CodeIgniter.php(903): App\Controllers\SubscriptionPlan->__construct()
 2 SYSTEMPATH\CodeIgniter.php(498): CodeIgniter\CodeIgniter->createController()
 3 SYSTEMPATH\CodeIgniter.php(354): CodeIgniter\CodeIgniter->handleRequest(null, Object(Config\Cache), false)
 4 SYSTEMPATH\Boot.php(334): CodeIgniter\CodeIgniter->run()
 5 SYSTEMPATH\Boot.php(67): CodeIgniter\Boot::runCodeIgniter(Object(CodeIgniter\CodeIgniter))
 6 FCPATH\index.php(59): CodeIgniter\Boot::bootWeb(Object(Config\Paths))
WARNING - 2025-08-01 06:54:42 --> [DEPRECATED] Creation of dynamic property App\Controllers\SubscriptionPlan::$input is deprecated in APPPATH\Controllers\SubscriptionPlan.php on line 18.
 1 SYSTEMPATH\CodeIgniter.php(903): App\Controllers\SubscriptionPlan->__construct()
 2 SYSTEMPATH\CodeIgniter.php(498): CodeIgniter\CodeIgniter->createController()
 3 SYSTEMPATH\CodeIgniter.php(354): CodeIgniter\CodeIgniter->handleRequest(null, Object(Config\Cache), false)
 4 SYSTEMPATH\Boot.php(334): CodeIgniter\CodeIgniter->run()
 5 SYSTEMPATH\Boot.php(67): CodeIgniter\Boot::runCodeIgniter(Object(CodeIgniter\CodeIgniter))
 6 FCPATH\index.php(59): CodeIgniter\Boot::bootWeb(Object(Config\Paths))
DEBUG - 2025-08-01 06:55:36 --> Session: Class initialized using 'CodeIgniter\Session\Handlers\FileHandler' driver.
WARNING - 2025-08-01 06:55:36 --> [DEPRECATED] Creation of dynamic property App\Controllers\SubscriptionPlan::$session is deprecated in APPPATH\Controllers\SubscriptionPlan.php on line 17.
 1 SYSTEMPATH\CodeIgniter.php(903): App\Controllers\SubscriptionPlan->__construct()
 2 SYSTEMPATH\CodeIgniter.php(498): CodeIgniter\CodeIgniter->createController()
 3 SYSTEMPATH\CodeIgniter.php(354): CodeIgniter\CodeIgniter->handleRequest(null, Object(Config\Cache), false)
 4 SYSTEMPATH\Boot.php(334): CodeIgniter\CodeIgniter->run()
 5 SYSTEMPATH\Boot.php(67): CodeIgniter\Boot::runCodeIgniter(Object(CodeIgniter\CodeIgniter))
 6 FCPATH\index.php(59): CodeIgniter\Boot::bootWeb(Object(Config\Paths))
WARNING - 2025-08-01 06:55:36 --> [DEPRECATED] Creation of dynamic property App\Controllers\SubscriptionPlan::$input is deprecated in APPPATH\Controllers\SubscriptionPlan.php on line 18.
 1 SYSTEMPATH\CodeIgniter.php(903): App\Controllers\SubscriptionPlan->__construct()
 2 SYSTEMPATH\CodeIgniter.php(498): CodeIgniter\CodeIgniter->createController()
 3 SYSTEMPATH\CodeIgniter.php(354): CodeIgniter\CodeIgniter->handleRequest(null, Object(Config\Cache), false)
 4 SYSTEMPATH\Boot.php(334): CodeIgniter\CodeIgniter->run()
 5 SYSTEMPATH\Boot.php(67): CodeIgniter\Boot::runCodeIgniter(Object(CodeIgniter\CodeIgniter))
 6 FCPATH\index.php(59): CodeIgniter\Boot::bootWeb(Object(Config\Paths))
DEBUG - 2025-08-01 07:11:42 --> Session: Class initialized using 'CodeIgniter\Session\Handlers\FileHandler' driver.
WARNING - 2025-08-01 07:11:42 --> [DEPRECATED] Creation of dynamic property App\Controllers\SubscriptionPlan::$session is deprecated in APPPATH\Controllers\SubscriptionPlan.php on line 17.
 1 SYSTEMPATH\CodeIgniter.php(903): App\Controllers\SubscriptionPlan->__construct()
 2 SYSTEMPATH\CodeIgniter.php(498): CodeIgniter\CodeIgniter->createController()
 3 SYSTEMPATH\CodeIgniter.php(354): CodeIgniter\CodeIgniter->handleRequest(null, Object(Config\Cache), false)
 4 SYSTEMPATH\Boot.php(334): CodeIgniter\CodeIgniter->run()
 5 SYSTEMPATH\Boot.php(67): CodeIgniter\Boot::runCodeIgniter(Object(CodeIgniter\CodeIgniter))
 6 FCPATH\index.php(59): CodeIgniter\Boot::bootWeb(Object(Config\Paths))
WARNING - 2025-08-01 07:11:42 --> [DEPRECATED] Creation of dynamic property App\Controllers\SubscriptionPlan::$input is deprecated in APPPATH\Controllers\SubscriptionPlan.php on line 18.
 1 SYSTEMPATH\CodeIgniter.php(903): App\Controllers\SubscriptionPlan->__construct()
 2 SYSTEMPATH\CodeIgniter.php(498): CodeIgniter\CodeIgniter->createController()
 3 SYSTEMPATH\CodeIgniter.php(354): CodeIgniter\CodeIgniter->handleRequest(null, Object(Config\Cache), false)
 4 SYSTEMPATH\Boot.php(334): CodeIgniter\CodeIgniter->run()
 5 SYSTEMPATH\Boot.php(67): CodeIgniter\Boot::runCodeIgniter(Object(CodeIgniter\CodeIgniter))
 6 FCPATH\index.php(59): CodeIgniter\Boot::bootWeb(Object(Config\Paths))
DEBUG - 2025-08-01 13:05:53 --> Session: Class initialized using 'CodeIgniter\Session\Handlers\FileHandler' driver.
WARNING - 2025-08-01 13:05:53 --> [DEPRECATED] Creation of dynamic property App\Controllers\MovieDetail::$session is deprecated in APPPATH\Controllers\MovieDetail.php on line 22.
 1 SYSTEMPATH\CodeIgniter.php(903): App\Controllers\MovieDetail->__construct()
 2 SYSTEMPATH\CodeIgniter.php(498): CodeIgniter\CodeIgniter->createController()
 3 SYSTEMPATH\CodeIgniter.php(354): CodeIgniter\CodeIgniter->handleRequest(null, Object(Config\Cache), false)
 4 SYSTEMPATH\Boot.php(334): CodeIgniter\CodeIgniter->run()
 5 SYSTEMPATH\Boot.php(67): CodeIgniter\Boot::runCodeIgniter(Object(CodeIgniter\CodeIgniter))
 6 FCPATH\index.php(59): CodeIgniter\Boot::bootWeb(Object(Config\Paths))
WARNING - 2025-08-01 13:05:53 --> [DEPRECATED] Creation of dynamic property App\Controllers\MovieDetail::$input is deprecated in APPPATH\Controllers\MovieDetail.php on line 23.
 1 SYSTEMPATH\CodeIgniter.php(903): App\Controllers\MovieDetail->__construct()
 2 SYSTEMPATH\CodeIgniter.php(498): CodeIgniter\CodeIgniter->createController()
 3 SYSTEMPATH\CodeIgniter.php(354): CodeIgniter\CodeIgniter->handleRequest(null, Object(Config\Cache), false)
 4 SYSTEMPATH\Boot.php(334): CodeIgniter\CodeIgniter->run()
 5 SYSTEMPATH\Boot.php(67): CodeIgniter\Boot::runCodeIgniter(Object(CodeIgniter\CodeIgniter))
 6 FCPATH\index.php(59): CodeIgniter\Boot::bootWeb(Object(Config\Paths))
WARNING - 2025-08-01 13:05:53 --> [DEPRECATED] Creation of dynamic property App\Controllers\MovieDetail::$moviedetail is deprecated in APPPATH\Controllers\MovieDetail.php on line 24.
 1 SYSTEMPATH\CodeIgniter.php(903): App\Controllers\MovieDetail->__construct()
 2 SYSTEMPATH\CodeIgniter.php(498): CodeIgniter\CodeIgniter->createController()
 3 SYSTEMPATH\CodeIgniter.php(354): CodeIgniter\CodeIgniter->handleRequest(null, Object(Config\Cache), false)
 4 SYSTEMPATH\Boot.php(334): CodeIgniter\CodeIgniter->run()
 5 SYSTEMPATH\Boot.php(67): CodeIgniter\Boot::runCodeIgniter(Object(CodeIgniter\CodeIgniter))
 6 FCPATH\index.php(59): CodeIgniter\Boot::bootWeb(Object(Config\Paths))
WARNING - 2025-08-01 13:05:53 --> [DEPRECATED] Creation of dynamic property App\Controllers\MovieDetail::$subscriptionPlanModel is deprecated in APPPATH\Controllers\MovieDetail.php on line 25.
 1 SYSTEMPATH\CodeIgniter.php(903): App\Controllers\MovieDetail->__construct()
 2 SYSTEMPATH\CodeIgniter.php(498): CodeIgniter\CodeIgniter->createController()
 3 SYSTEMPATH\CodeIgniter.php(354): CodeIgniter\CodeIgniter->handleRequest(null, Object(Config\Cache), false)
 4 SYSTEMPATH\Boot.php(334): CodeIgniter\CodeIgniter->run()
 5 SYSTEMPATH\Boot.php(67): CodeIgniter\Boot::runCodeIgniter(Object(CodeIgniter\CodeIgniter))
 6 FCPATH\index.php(59): CodeIgniter\Boot::bootWeb(Object(Config\Paths))
WARNING - 2025-08-01 13:05:53 --> [DEPRECATED] Creation of dynamic property App\Controllers\MovieDetail::$notificationModel is deprecated in APPPATH\Controllers\MovieDetail.php on line 26.
 1 SYSTEMPATH\CodeIgniter.php(903): App\Controllers\MovieDetail->__construct()
 2 SYSTEMPATH\CodeIgniter.php(498): CodeIgniter\CodeIgniter->createController()
 3 SYSTEMPATH\CodeIgniter.php(354): CodeIgniter\CodeIgniter->handleRequest(null, Object(Config\Cache), false)
 4 SYSTEMPATH\Boot.php(334): CodeIgniter\CodeIgniter->run()
 5 SYSTEMPATH\Boot.php(67): CodeIgniter\Boot::runCodeIgniter(Object(CodeIgniter\CodeIgniter))
 6 FCPATH\index.php(59): CodeIgniter\Boot::bootWeb(Object(Config\Paths))
WARNING - 2025-08-01 13:05:54 --> [DEPRECATED] Creation of dynamic property App\Controllers\MovieDetail::$coreModel is deprecated in APPPATH\Controllers\MovieDetail.php on line 27.
 1 SYSTEMPATH\CodeIgniter.php(903): App\Controllers\MovieDetail->__construct()
 2 SYSTEMPATH\CodeIgniter.php(498): CodeIgniter\CodeIgniter->createController()
 3 SYSTEMPATH\CodeIgniter.php(354): CodeIgniter\CodeIgniter->handleRequest(null, Object(Config\Cache), false)
 4 SYSTEMPATH\Boot.php(334): CodeIgniter\CodeIgniter->run()
 5 SYSTEMPATH\Boot.php(67): CodeIgniter\Boot::runCodeIgniter(Object(CodeIgniter\CodeIgniter))
 6 FCPATH\index.php(59): CodeIgniter\Boot::bootWeb(Object(Config\Paths))
WARNING - 2025-08-01 13:05:54 --> [DEPRECATED] Creation of dynamic property App\Controllers\MovieDetail::$userModel is deprecated in APPPATH\Controllers\MovieDetail.php on line 28.
 1 SYSTEMPATH\CodeIgniter.php(903): App\Controllers\MovieDetail->__construct()
 2 SYSTEMPATH\CodeIgniter.php(498): CodeIgniter\CodeIgniter->createController()
 3 SYSTEMPATH\CodeIgniter.php(354): CodeIgniter\CodeIgniter->handleRequest(null, Object(Config\Cache), false)
 4 SYSTEMPATH\Boot.php(334): CodeIgniter\CodeIgniter->run()
 5 SYSTEMPATH\Boot.php(67): CodeIgniter\Boot::runCodeIgniter(Object(CodeIgniter\CodeIgniter))
 6 FCPATH\index.php(59): CodeIgniter\Boot::bootWeb(Object(Config\Paths))
WARNING - 2025-08-01 13:05:54 --> [DEPRECATED] Creation of dynamic property App\Controllers\MovieDetail::$usersubModel is deprecated in APPPATH\Controllers\MovieDetail.php on line 29.
 1 SYSTEMPATH\CodeIgniter.php(903): App\Controllers\MovieDetail->__construct()
 2 SYSTEMPATH\CodeIgniter.php(498): CodeIgniter\CodeIgniter->createController()
 3 SYSTEMPATH\CodeIgniter.php(354): CodeIgniter\CodeIgniter->handleRequest(null, Object(Config\Cache), false)
 4 SYSTEMPATH\Boot.php(334): CodeIgniter\CodeIgniter->run()
 5 SYSTEMPATH\Boot.php(67): CodeIgniter\Boot::runCodeIgniter(Object(CodeIgniter\CodeIgniter))
 6 FCPATH\index.php(59): CodeIgniter\Boot::bootWeb(Object(Config\Paths))
WARNING - 2025-08-01 13:05:54 --> [DEPRECATED] Creation of dynamic property App\Controllers\MovieDetail::$authService is deprecated in APPPATH\Controllers\MovieDetail.php on line 30.
 1 SYSTEMPATH\CodeIgniter.php(903): App\Controllers\MovieDetail->__construct()
 2 SYSTEMPATH\CodeIgniter.php(498): CodeIgniter\CodeIgniter->createController()
 3 SYSTEMPATH\CodeIgniter.php(354): CodeIgniter\CodeIgniter->handleRequest(null, Object(Config\Cache), false)
 4 SYSTEMPATH\Boot.php(334): CodeIgniter\CodeIgniter->run()
 5 SYSTEMPATH\Boot.php(67): CodeIgniter\Boot::runCodeIgniter(Object(CodeIgniter\CodeIgniter))
 6 FCPATH\index.php(59): CodeIgniter\Boot::bootWeb(Object(Config\Paths))
WARNING - 2025-08-01 13:05:54 --> [DEPRECATED] Creation of dynamic property App\Controllers\MovieDetail::$db is deprecated in APPPATH\Controllers\MovieDetail.php on line 31.
 1 SYSTEMPATH\CodeIgniter.php(903): App\Controllers\MovieDetail->__construct()
 2 SYSTEMPATH\CodeIgniter.php(498): CodeIgniter\CodeIgniter->createController()
 3 SYSTEMPATH\CodeIgniter.php(354): CodeIgniter\CodeIgniter->handleRequest(null, Object(Config\Cache), false)
 4 SYSTEMPATH\Boot.php(334): CodeIgniter\CodeIgniter->run()
 5 SYSTEMPATH\Boot.php(67): CodeIgniter\Boot::runCodeIgniter(Object(CodeIgniter\CodeIgniter))
 6 FCPATH\index.php(59): CodeIgniter\Boot::bootWeb(Object(Config\Paths))
